CustomerId,Exited
15601012,0.82
15734762,0.84
15586757,0.09
15590888,0.18
15726087,0.2
15769504,0.19
15801832,0.57
15632826,0.11
15794413,0.07
15677117,0.12
15686999,0.11
15588350,0.38
15713354,0.29
15750772,0.2
15628824,0.19
15631681,0.2
15763218,0.07
15743538,0.04
15807194,0.01
15717231,0.29
15762110,0.02
15638424,0.05
15609804,0.01
15762091,0.47
15614847,0.33
15609299,0.04
15643967,0.19
15701741,0.19
15575409,0.26
15620751,0.01
15712303,0.16
15571305,0.41
15617082,0.06
15734438,0.01
15660422,0.03
15758056,0.0
15647546,0.17
15799932,0.0
15669253,0.02
15591010,0.64
15810711,0.05
15798470,0.72
15668575,0.55
15728829,0.09
15628144,0.2
15777452,0.26
15680421,0.09
15718673,0.27
15735106,0.06
15574072,0.16
15600583,0.2
15658969,0.54
15713378,0.0
15689061,0.37
15655794,0.0
15603203,0.14
15670029,0.07
15744913,0.06
15774630,0.59
15694566,0.07
15650244,0.01
15701376,0.05
15593365,0.14
15603465,0.34
15668889,0.84
15642160,0.06
15608338,0.81
15658577,0.61
15723105,0.14
15661656,0.04
15586970,0.32
15700549,0.05
15669782,0.47
15715939,0.07
15679663,0.03
15754168,0.33
15638068,0.02
15755722,0.12
15580068,0.0
15737647,0.65
15624595,0.02
15697270,0.1
15588449,0.08
15696744,0.09
15759456,0.0
15606133,0.03
15779182,0.43
15732281,0.17
15590810,0.51
15700325,0.03
15681220,0.02
15609676,0.2
15699523,0.77
15691647,0.07
15722611,0.44
15678427,0.06
15756824,0.64
15578747,0.03
15727811,0.81
15702337,0.0
15571476,0.05
15682639,0.01
15804864,0.09
15626156,0.06
15808389,0.15
15568573,0.72
15630641,0.23
15617507,0.06
15743456,0.07
15668347,0.01
15661936,0.27
15777067,0.33
15789753,0.17
15677871,0.13
15659475,0.14
15720338,0.1
15720110,0.05
15730394,0.22
15743673,0.02
15681705,0.01
15745030,0.13
15668032,0.13
15726960,0.03
15672756,0.03
15762928,0.27
15707011,0.54
15681671,0.1
15772781,0.66
15575410,0.11
15646082,0.11
15807433,0.13
15766575,0.83
15660316,0.27
15776518,0.24
15773779,0.19
15666163,0.26
15680706,0.64
15771442,0.04
15687270,0.29
15702566,0.03
15796370,0.08
15624293,0.52
15603135,0.84
15725679,0.67
15586880,0.09
15638803,0.05
15691875,0.5
15607874,0.04
15641389,0.48
15783477,0.25
15725039,0.02
15580203,0.05
15650432,0.23
15698786,0.29
15691483,0.03
15726490,0.35
15612832,0.01
15681316,0.14
15626710,0.17
15692575,0.2
15573452,0.43
15765375,0.5
15768387,0.02
15752885,0.25
15698619,0.04
15670427,0.07
15686743,0.01
15636634,0.16
15712930,0.16
15690589,0.43
15776047,0.02
15778157,0.02
15611644,0.09
15768530,0.01
15688713,0.23
15632521,0.45
15581620,0.2
15627881,0.0
15712813,0.73
15620735,0.1
15583067,0.14
15743076,0.03
15754569,0.04
15653620,0.02
15597394,0.05
15776733,0.2
15583764,0.23
15632503,0.14
15671322,0.18
15756301,0.24
15730793,0.6
15806941,0.2
15759317,0.07
15749807,0.01
15620832,0.1
15715078,0.04
15802207,0.08
15572050,0.57
15803078,0.03
15677087,0.19
15569641,0.39
15799635,0.73
15605276,0.02
15620323,0.21
15791302,0.0
15667633,0.1
15619898,0.13
15634375,0.05
15602043,0.32
15786215,0.34
15593773,0.01
15813163,0.21
15613463,0.21
15773503,0.0
15698324,0.14
15742504,0.0
15686461,0.27
15606115,0.44
15751774,0.23
15670345,0.22
15806486,0.28
15755642,0.01
15801934,0.03
15807593,0.18
15784687,0.11
15624596,0.08
15631359,0.19
15748473,0.01
15687094,0.05
15754342,0.48
15602841,0.03
15698716,0.58
15602797,0.85
15566380,0.05
15767358,0.51
15580252,0.31
15779904,0.01
15724623,0.13
15615096,0.02
15640161,0.19
15594651,0.18
15685829,0.01
15769110,0.3
15663134,0.06
15594720,0.14
15711572,0.06
15713479,0.04
15602479,0.01
15751912,0.02
15807473,0.01
15572461,0.09
15742091,0.6
15795224,0.37
15701109,0.22
15568006,0.85
15683618,0.09
15603378,0.06
15751167,0.04
15747677,0.07
15662532,0.17
15581036,0.13
15709523,0.08
15674929,0.01
15723851,0.14
15594340,0.24
15766205,0.37
15700772,0.08
15754267,0.07
15783019,0.81
15759684,0.12
15758836,0.0
15798737,0.0
15624423,0.12
15798256,0.2
15812197,0.24
15672754,0.28
15813095,0.0
15696900,0.01
15632899,0.07
15574012,0.04
15797686,0.04
15698028,0.04
15681332,0.24
15622631,0.28
15644103,0.07
15749114,0.04
15744368,0.09
15625080,0.85
15715541,0.51
15646196,0.26
15570299,0.2
15715532,0.14
15645569,0.05
15571081,0.35
15700752,0.01
15737025,0.53
15752912,0.03
15647975,0.15
15599211,0.0
15720820,0.06
15714260,0.04
15723858,0.04
15624611,0.03
15585907,0.12
15592773,0.88
15601569,0.2
15617401,0.06
15585255,0.39
15768816,0.37
15625586,0.01
15740345,0.2
15719991,0.68
15626795,0.28
15639049,0.07
15656322,0.23
15678572,0.04
15734058,0.13
15744789,0.37
15570002,0.9
15792868,0.44
15733964,0.34
15604782,0.32
15693200,0.15
15638882,0.78
15783225,0.72
15653547,0.33
15570073,0.38
15778604,0.21
15692977,0.07
15746594,0.04
15616922,0.08
15585133,0.14
15676909,0.05
15814940,0.07
15790782,0.09
15794560,0.56
15678882,0.45
15668767,0.2
15698927,0.01
15738042,0.06
15693904,0.03
15708228,0.31
15581893,0.18
15696826,0.07
15657829,0.17
15800049,0.2
15581198,0.62
15757632,0.22
15598751,0.75
15778934,0.04
15729515,0.07
15651140,0.14
15600258,0.02
15790336,0.04
15657321,0.09
15617348,0.11
15630413,0.01
15622321,0.04
15709653,0.01
15767594,0.01
15656707,0.09
15676835,0.07
15804075,0.29
15655082,0.91
15570769,0.22
15741643,0.14
15576111,0.41
15747208,0.63
15591607,0.06
15673907,0.01
15731755,0.18
15667889,0.01
15693381,0.0
15603247,0.27
15611947,0.04
15743193,0.04
15722758,0.0
15738751,0.45
15613085,0.15
15801473,0.02
15624892,0.01
15771855,0.03
15616451,0.17
15653776,0.91
15792305,0.86
15677955,0.5
15752097,0.1
15702561,0.05
15811970,0.19
15580912,0.04
15636105,0.03
15711219,0.43
15719931,0.04
15617304,0.01
15626008,0.74
15649744,0.3
15577064,0.1
15694376,0.91
15730360,0.01
15754952,0.6
15728480,0.01
15802501,0.1
15595426,0.07
15731815,0.8
15654156,0.26
15808526,0.42
15667632,0.11
15811589,0.05
15600879,0.12
15633854,0.02
15765311,0.01
15769902,0.0
15738835,0.12
15690440,0.12
15568982,0.01
15592091,0.01
15753969,0.14
15702434,0.04
15767391,0.02
15720155,0.11
15812850,0.06
15783589,0.03
15790958,0.04
15610383,0.83
15703394,0.02
15679813,0.07
15653347,0.54
15641688,0.04
15609735,0.54
15618950,0.05
15636982,0.34
15778975,0.74
15683562,0.04
15718454,0.25
15803136,0.23
15669490,0.13
15611961,0.0
15577988,0.12
15621267,0.12
15809837,0.35
15721181,0.1
15773591,0.15
15638871,0.11
15725882,0.15
15727868,0.03
15720134,0.1
15804002,0.04
15723827,0.03
15737047,0.49
15789955,0.72
15706116,0.29
15575679,0.1
15782778,0.04
15714658,0.01
15708650,0.04
15713912,0.22
15644280,0.27
15737133,0.14
15752626,0.07
15789563,0.5
15632280,0.84
15636541,0.12
15684318,0.27
15708212,0.71
15576641,0.14
15663939,0.22
15641110,0.3
15748608,0.36
15742028,0.01
15573888,0.44
15772604,0.03
15599124,0.04
15692291,0.2
15727138,0.05
15776824,0.18
15774104,0.0
15809286,0.04
15754577,0.71
15805104,0.02
15596175,0.2
15806546,0.38
15731865,0.0
15623695,0.01
15613427,0.64
15707114,0.02
15687903,0.0
15746035,0.06
15705735,0.0
15675964,0.29
15620756,0.44
15647301,0.28
15762745,0.02
15685628,0.0
15633233,0.68
15683657,0.05
15803032,0.37
15764237,0.0
15767871,0.05
15812184,0.2
15775235,0.23
15778368,0.86
15609160,0.0
15660505,0.69
15654964,0.35
15777958,0.0
15797194,0.09
15659305,0.09
15771417,0.25
15603216,0.01
15662578,0.24
15787825,0.17
15688876,0.04
15690452,0.7
15738672,0.12
15640905,0.13
15576313,0.32
15580579,0.31
15734588,0.06
15756655,0.02
15595537,0.41
15666652,0.01
15660200,0.01
15733460,0.01
15765415,0.17
15721207,0.53
15742834,0.37
15594039,0.01
15707968,0.02
15812616,0.67
15813159,0.42
15808905,0.13
15735346,0.31
15746258,0.04
15709252,0.19
15629002,0.1
15591932,0.11
15582090,0.36
15684868,0.87
15765048,0.0
15570859,0.03
15814267,0.1
15736043,0.02
15720943,0.46
15640418,0.46
15656096,0.13
15749688,0.0
15807120,0.42
15614813,0.56
15630511,0.01
15622117,0.02
15605284,0.01
15778154,0.62
15649112,0.07
15737795,0.07
15572294,0.08
15751561,0.81
15788291,0.31
15709511,0.06
15573112,0.06
15738936,0.01
15625445,0.05
15680685,0.03
15687477,0.2
15750574,0.01
15670738,0.6
15742798,0.2
15734044,0.2
15649414,0.17
15566563,0.19
15727291,0.12
15690153,0.11
15713608,0.15
15613886,0.26
15799811,0.35
15673342,0.01
15656454,0.08
15805637,0.85
15785485,0.4
15665238,0.23
15596624,0.0
15777904,0.02
15596979,0.0
15675380,0.32
15782941,0.02
15774882,0.07
15784301,0.06
15632079,0.17
15602280,0.15
15652700,0.04
15660809,0.0
15586243,0.22
15605263,0.1
15814772,0.38
15597536,0.28
15770631,0.04
15711130,0.05
15657439,0.05
15585777,0.09
15680918,0.0
15617206,0.17
15578835,0.17
15771509,0.2
15622454,0.04
15589312,0.02
15583597,0.15
15761506,0.0
15740442,0.57
15713644,0.0
15774491,0.0
15667392,0.04
15582149,0.11
15682472,0.09
15589431,0.44
15643916,0.21
15624397,0.22
15650454,0.1
15758845,0.1
15674932,0.22
15721116,0.05
15766183,0.12
15798429,0.04
15595917,0.1
15759066,0.26
15792151,0.0
15752081,0.73
15601045,0.04
15588535,0.1
15696859,0.35
15742323,0.0
15732621,0.05
15591628,0.32
15764409,0.07
15574372,0.09
15683375,0.12
15686780,0.31
15656937,0.06
15791040,0.13
15779481,0.04
15596808,0.41
15753102,0.26
15758451,0.31
15792077,0.11
15733705,0.01
15634310,0.05
15623668,0.02
15585249,0.24
15677307,0.38
15631159,0.04
15701908,0.23
15644621,0.21
15665077,0.75
15756820,0.05
15705298,0.13
15620123,0.22
15762543,0.04
15659677,0.36
15686538,0.1
15599074,0.15
15672594,0.72
15695383,0.17
15772250,0.66
15672145,0.07
15697686,0.05
15760861,0.28
15738497,0.12
15636812,0.24
15651664,0.89
15734917,0.15
15569187,0.0
15760244,0.21
15611247,0.05
15694366,0.26
15575430,0.04
15705174,0.14
15616221,0.03
15595136,0.0
15667476,0.26
15622911,0.16
15792922,0.03
15712777,0.39
15689952,0.26
15783875,0.05
15811947,0.05
15638463,0.34
15626578,0.01
15584190,0.01
15799422,0.2
15796910,0.72
15793331,0.04
15766908,0.38
15698031,0.19
15622527,0.4
15615473,0.09
15785373,0.65
15587581,0.11
15773876,0.0
15580956,0.41
15627699,0.03
15808621,0.01
15794142,0.76
15645029,0.05
15608344,0.55
15716431,0.12
15799924,0.3
15603170,0.03
15660571,0.09
15678201,0.45
15593778,0.57
15581626,0.45
15741921,0.05
15730460,0.05
15611171,0.05
15666200,0.08
15586752,0.13
15582404,0.02
15771299,0.3
15767264,0.83
15623521,0.15
15715512,0.3
15706071,0.41
15636860,0.38
15745080,0.16
15810457,0.12
15616270,0.09
15658716,0.57
15735080,0.42
15753895,0.01
15590820,0.09
15576304,0.0
15692142,0.46
15597945,0.04
15789546,0.0
15759690,0.09
15611767,0.83
15765258,0.03
15780220,0.09
15696373,0.21
15700937,0.01
15712584,0.0
15604588,0.01
15723488,0.43
15809309,0.15
15625151,0.25
15642636,0.03
15680643,0.13
15569432,0.1
15777797,0.11
15697567,0.0
15683758,0.21
15605461,0.33
15579706,0.58
15696674,0.4
15676810,0.02
15735719,0.11
15746326,0.07
15751549,0.04
15591123,0.37
15732299,0.37
15660390,0.03
15605622,0.03
15687130,0.39
15742638,0.02
15759874,0.47
15618245,0.1
15654457,0.44
15665784,0.05
15698285,0.08
15626628,0.09
15569364,0.02
15659656,0.08
15624072,0.01
15775294,0.02
15671789,0.02
15647807,0.22
15661412,0.24
15736963,0.04
15569626,0.06
15655410,0.53
15654700,0.17
15714750,0.15
15616931,0.23
15620344,0.28
15743617,0.64
15705383,0.04
15639217,0.01
15650488,0.34
15714380,0.03
15753092,0.23
15803764,0.02
15676869,0.02
15622532,0.28
15735687,0.09
15648989,0.17
15582180,0.01
15617648,0.1
15715769,0.03
15701333,0.13
15580560,0.33
15614054,0.0
15682890,0.01
15584930,0.16
15723481,0.01
15687658,0.38
15792329,0.09
15722409,0.2
15724889,0.07
15776229,0.35
15713853,0.08
15621457,0.03
15775306,0.6
15760774,0.05
15569266,0.18
15716608,0.48
15716024,0.0
15654074,0.05
15755225,0.06
15776545,0.23
15790564,0.11
15746065,0.04
15773039,0.18
15620988,0.07
15596870,0.77
15628272,0.27
15753831,0.04
15723318,0.73
15616954,0.06
15600106,0.0
15715031,0.01
15687607,0.09
15734987,0.15
15662243,0.46
15638494,0.48
15581479,0.03
15751926,0.1
15649992,0.05
15575417,0.09
15670587,0.2
15732987,0.22
15703707,0.18
15602030,0.02
15569595,0.74
15603565,0.86
15625023,0.36
15775888,0.22
15782404,0.15
15643330,0.0
15802570,0.29
15690021,0.39
15673570,0.0
15750299,0.02
15685844,0.21
15582847,0.0
15649379,0.2
15708003,0.29
15662483,0.1
15687431,0.08
15793042,0.05
15666173,0.05
15815530,0.41
15578865,0.56
15777504,0.04
15567630,0.24
15812040,0.13
15573851,0.47
15642022,0.04
15579566,0.35
15698321,0.01
15637522,0.1
15665438,0.13
15761692,0.03
15709737,0.01
15573741,0.07
15750837,0.43
15718588,0.13
15752508,0.09
15656176,0.14
15764195,0.05
15735221,0.06
15605279,0.66
15642098,0.09
15766288,0.21
15666975,0.16
15759133,0.04
15780514,0.17
15749947,0.04
15717398,0.22
15790299,0.6
15625395,0.03
15705663,0.13
15746341,0.01
15765537,0.09
15771728,0.86
15580249,0.44
15594305,0.08
15721460,0.77
15803941,0.43
15772262,0.19
15571302,0.24
15719276,0.14
15576256,0.0
15756918,0.06
15636935,0.01
15751333,0.0
15773221,0.25
15616929,0.24
15614643,0.23
15569807,0.26
15675787,0.02
15736879,0.04
15642162,0.47
15784209,0.64
15616833,0.01
15625632,0.05
15734202,0.65
15658956,0.12
15808689,0.06
15595037,0.39
15800295,0.12
15611682,0.0
15637354,0.07
15811565,0.25
15703059,0.58
15795640,0.12
15632010,0.01
15615207,0.36
15756848,0.14
15723263,0.2
15659094,0.22
15729970,0.07
15725776,0.11
15689661,0.06
15746708,0.82
15596074,0.13
15596165,0.06
15778142,0.08
15624180,0.8
15591357,0.32
15686885,0.19
15808851,0.36
15635728,0.01
15807335,0.1
15586135,0.13
15623346,0.04
15733876,0.0
15646566,0.63
15809320,0.76
15694644,0.34
15589195,0.2
15689751,0.2
15654211,0.16
15663386,0.02
15657779,0.01
15705639,0.03
15697424,0.14
15580366,0.23
15653275,0.49
15591740,0.21
15605698,0.47
15688264,0.17
15598266,0.13
15580493,0.06
15758048,0.24
15623566,0.16
15799534,0.17
15756668,0.01
15722246,0.38
15633274,0.1
15806420,0.02
15662751,0.11
15704014,0.14
15646594,0.24
15736069,0.39
15805413,0.07
15657812,0.12
15587177,0.06
15775307,0.08
15758726,0.08
15651943,0.23
15811177,0.17
15570485,0.23
15767793,0.11
15608916,0.15
15668009,0.01
15731463,0.49
15679884,0.86
15610781,0.14
15720929,0.76
15780432,0.0
15750396,0.0
15760121,0.04
15811026,0.13
15647570,0.66
15707918,0.17
15621021,0.18
15778290,0.12
15731553,0.01
15690332,0.19
15672152,0.19
15810845,0.0
15640846,0.93
15775750,0.2
15721719,0.1
15701768,0.03
15742269,0.11
15568748,0.36
15619699,0.55
15647402,0.03
15632118,0.23
15613673,0.23
15636595,0.03
15594502,0.04
15794137,0.18
15731327,0.07
15735968,0.02
15669987,0.16
15635502,0.53
15605020,0.29
15571928,0.74
15806880,0.09
15722599,0.33
15642291,0.01
15776850,0.09
15638269,0.06
15632344,0.18
15738516,0.48
15620746,0.47
15701687,0.7
15811594,0.07
15630195,0.25
15787835,0.06
15603883,0.02
15624793,0.18
15611759,0.27
15801417,0.08
15588859,0.42
15689786,0.73
15772528,0.21
15808044,0.82
15629244,0.2
15696506,0.17
15657228,0.09
15665811,0.07
15575428,0.03
15737782,0.04
15588019,0.28
15634815,0.03
15645572,0.38
15657349,0.79
15771569,0.58
15568819,0.84
15618661,0.02
15811032,0.24
15567437,0.25
15815125,0.08
15593250,0.0
15745201,0.11
15593094,0.17
15656426,0.14
15657386,0.42
15590097,0.07
15643439,0.14
15702464,0.05
15734628,0.01
15812607,0.35
15750545,0.64
15682547,0.04
15672053,0.02
15764314,0.17
15761783,0.15
15758606,0.44
15779247,0.21
15588090,0.55
15724423,0.24
15687913,0.23
15705899,0.05
15766172,0.04
15679075,0.17
15695097,0.15
15672374,0.56
15724890,0.02
15636069,0.35
15621815,0.31
15667944,0.05
15745804,0.0
15701291,0.06
15644977,0.0
15619708,0.03
15621893,0.08
15654456,0.57
15756743,0.09
15748854,0.11
15590683,0.12
15770406,0.27
15723856,0.04
15787026,0.07
15769522,0.21
15812720,0.06
15570932,0.15
15789936,0.0
15580043,0.09
15569050,0.49
15608541,0.48
15589666,0.3
15633531,0.15
15637366,0.04
15569878,0.17
15588622,0.02
15629603,0.0
15808334,0.09
15646817,0.22
15732963,0.02
15797960,0.78
15589793,0.5
15783276,0.01
15814750,0.01
15801411,0.5
15801152,0.1
15604196,0.12
15609558,0.29
15717962,0.13
15659327,0.47
15699507,0.01
15782468,0.15
15578251,0.22
15721383,0.02
15743153,0.13
15593331,0.11
15684548,0.15
15679200,0.03
15766906,0.14
15790448,0.17
15790689,0.04
15775082,0.09
15610042,0.0
15670266,0.1
15751180,0.22
15783463,0.03
15755084,0.05
15748327,0.05
15648075,0.38
15626608,0.37
15681924,0.19
15578098,0.0
15660429,0.19
15722701,0.21
15684296,0.03
15610419,0.14
15570533,0.49
15737748,0.21
15737909,0.1
15810347,0.01
15628112,0.31
15634936,0.45
15774872,0.02
15746199,0.19
15681068,0.28
15658987,0.29
15624068,0.1
15780989,0.16
15803337,0.07
15715465,0.09
15629739,0.48
15632736,0.05
15774277,0.06
15600734,0.11
15675316,0.02
15612966,0.44
15641007,0.13
15656829,0.0
15738605,0.5
15612769,0.08
15623828,0.06
15791006,0.17
15633950,0.15
15576196,0.43
15796074,0.06
15596303,0.05
15606273,0.02
15703563,0.09
15636353,0.02
15684103,0.01
15740487,0.67
15660535,0.04
15794661,0.0
15585041,0.0
15649858,0.06
15677377,0.0
15762198,0.02
15675360,0.18
15697035,0.04
15750970,0.11
15617982,0.25
15761986,0.17
15567919,0.06
15718369,0.27
15786800,0.5
15704340,0.32
15631709,0.17
15658211,0.07
15631603,0.06
15680772,0.0
15636590,0.05
15755863,0.32
15608968,0.14
15608406,0.03
15652883,0.28
15812518,0.11
15780805,0.01
15737571,0.05
15780870,0.13
15751193,0.01
15704763,0.33
15625522,0.01
15800814,0.04
15680405,0.21
15642655,0.04
15619935,0.18
15785367,0.83
15633866,0.11
15814331,0.19
15806134,0.05
15594133,0.74
15756932,0.0
15734578,0.52
15796838,0.25
15659100,0.04
15799300,0.42
15686957,0.08
15596811,0.11
15639368,0.06
15594436,0.0
15702919,0.03
15691823,0.07
15625916,0.07
15793070,0.15
15608114,0.11
15655859,0.03
15591942,0.06
15764892,0.4
15611325,0.09
15581548,0.22
15716984,0.56
15592078,0.22
15692750,0.84
15801296,0.15
15708265,0.11
15799859,0.62
15766552,0.01
15680970,0.48
15632669,0.02
15667289,0.12
15595162,0.39
15622833,0.4
15670866,0.01
15810593,0.54
15811486,0.12
15810660,0.06
15621210,0.53
15724863,0.65
15776936,0.2
15768193,0.01
15770474,0.24
15719898,0.05
15589496,0.01
15698349,0.02
15632551,0.0
15807163,0.17
15789714,0.06
15586174,0.18
15716134,0.18
15574369,0.34
15723153,0.01
15773709,0.07
15585198,0.15
15566251,0.11
15709295,0.03
15597610,0.09
15707078,0.32
15571689,0.05
15632665,0.36
15775192,0.69
15800031,0.18
15607526,0.83
15707602,0.22
15769955,0.05
15594862,0.03
15627298,0.02
15715597,0.04
15756475,0.07
15767681,0.03
15609254,0.14
15789557,0.15
15710928,0.36
15756871,0.11
15725509,0.01
15570629,0.19
15731478,0.41
15723320,0.11
15758031,0.04
15802060,0.09
15645815,0.03
15723169,0.21
15599722,0.07
15623595,0.01
15748718,0.04
15768777,0.01
15684908,0.45
15676156,0.02
15660144,0.0
15646374,0.07
15712938,0.06
15789874,0.05
15586300,0.04
15589924,0.11
15773906,0.0
15811773,0.0
15588235,0.17
15690829,0.59
15733616,0.11
15672082,0.51
15659399,0.36
15795149,0.01
15775892,0.35
15710012,0.06
15612418,0.09
15707120,0.45
15599289,0.16
15586069,0.04
15744044,0.63
15764419,0.06
15695632,0.17
15772995,0.04
15689168,0.02
15752601,0.07
15759741,0.21
15652658,0.03
15718242,0.83
15763256,0.68
15735358,0.23
15766741,0.04
15801265,0.62
15815690,0.17
15624715,0.34
15760550,0.02
15772632,0.01
15794895,0.0
15766066,0.24
15653315,0.03
15806570,0.93
15717560,0.6
15568469,0.08
15791877,0.07
15677785,0.03
15602034,0.19
15627185,0.12
15700965,0.0
15697283,0.0
15645593,0.2
15796764,0.81
15714046,0.0
15572626,0.01
15572021,0.04
15667932,0.03
15774098,0.01
15804586,0.71
15780212,0.41
15687079,0.62
15792107,0.06
15588701,0.01
15614103,0.38
15603846,0.0
15677305,0.12
15593601,0.04
15699294,0.0
15709117,0.26
15668104,0.08
15746674,0.48
15722061,0.14
15694272,0.02
15607330,0.1
15781272,0.82
15572706,0.19
15799998,0.16
15600392,0.15
15741181,0.13
15720649,0.15
15785024,0.52
15682839,0.32
15798605,0.05
15792607,0.02
15733111,0.03
15730469,0.02
15655648,0.0
15792934,0.04
15710456,0.02
15733032,0.03
15723706,0.05
15712596,0.2
15565796,0.64
15805025,0.3
15752984,0.08
15739271,0.28
15777826,0.0
15728693,0.35
15760090,0.0
15691170,0.13
15812982,0.09
15646091,0.2
15637315,0.15
15682618,0.06
15813503,0.02
15706223,0.07
15655368,0.48
15692430,0.05
15615457,0.29
15712287,0.01
15769783,0.24
15632816,0.51
15685576,0.0
15661821,0.67
15608528,0.66
15738318,0.16
15649060,0.02
15789611,0.6
15602851,0.27
15768887,0.02
15696301,0.31
15729412,0.12
15742607,0.14
15751057,0.13
15763898,0.22
15757537,0.07
15614893,0.12
15731330,0.18
15808223,0.06
15581526,0.0
15644179,0.04
15647800,0.07
15633586,0.13
15813659,0.85
15684294,0.06
15768104,0.05
15718852,0.32
15632345,0.02
15774510,0.1
15789339,0.19
15688157,0.12
15645248,0.07
15780038,0.07
15566467,0.08
15639788,0.05
15727059,0.09
15734005,0.02
15664311,0.09
15810942,0.47
15800961,0.18
15777179,0.0
15792729,0.2
15734737,0.09
15788442,0.46
15586914,0.01
15638513,0.11
15723654,0.07
15688498,0.09
15708513,0.18
15586133,0.66
15730287,0.86
15576774,0.08
15624437,0.04
15631063,0.01
15619116,0.05
15662263,0.05
15737542,0.3
15648702,0.12
15740072,0.02
15643574,0.01
15589739,0.33
15571148,0.06
15665956,0.56
15801701,0.0
15720529,0.03
15637650,0.22
15748920,0.05
15705352,0.01
15804862,0.49
15657868,0.31
15576745,0.38
15683841,0.19
15757140,0.3
15677049,0.06
15645772,0.01
15653572,0.1
15801863,0.03
15735388,0.06
15692671,0.0
15708048,0.16
15612109,0.06
15754605,0.13
15653065,0.07
15797900,0.69
15653773,0.27
15623143,0.11
15596992,0.3
15776156,0.01
15790659,0.11
15603096,0.29
15778897,0.02
15752137,0.0
15681402,0.32
15709451,0.04
15612092,0.31
15637876,0.27
15617419,0.1
15623858,0.21
15578073,0.0
15703119,0.0
15660866,0.06
15813590,0.02
15807568,0.12
15574761,0.11
15646168,0.0
15704315,0.08
15779176,0.77
15748381,0.17
15592707,0.21
15621031,0.0
15619045,0.13
15680197,0.11
15606944,0.52
15636388,0.24
15654673,0.43
15739692,0.02
15589200,0.03
15811236,0.02
15692761,0.22
15567893,0.12
15612350,0.39
15776096,0.22
15677828,0.07
15645637,0.27
15632977,0.16
15595221,0.35
15600974,0.5
15725141,0.13
15716491,0.2
15796721,0.02
15611189,0.32
15599152,0.15
15795881,0.05
15749851,0.03
15662426,0.02
15590676,0.06
15707144,0.07
15745623,0.01
15603134,0.31
15572093,0.11
15605072,0.19
15736510,0.8
15654870,0.04
15759566,0.03
15639665,0.05
15780498,0.09
15576928,0.07
15634950,0.32
15665695,0.09
15654506,0.01
15651983,0.41
15637235,0.0
15583221,0.12
15783526,0.05
15796343,0.03
15658614,0.18
15786739,0.06
15618647,0.09
15650538,0.43
15612594,0.01
15656029,0.01
15672357,0.04
15588080,0.79
15672610,0.26
15595039,0.45
15574480,0.02
15714080,0.15
15738063,0.01
15662189,0.2
15715673,0.61
15722072,0.3
15721024,0.14
15700383,0.06
15788634,0.2
15617657,0.06
15733229,0.13
15741417,0.05
15794493,0.02
15583580,0.46
15667460,0.0
15734461,0.2
15775949,0.05
15577831,0.42
15598331,0.26
15787529,0.06
15706131,0.06
15667046,0.07
15627377,0.01
15588923,0.14
15628999,0.09
15799480,0.13
15574352,0.18
15589869,0.44
15779529,0.0
15756150,0.17
15666297,0.8
15584156,0.49
15612633,0.21
15812230,0.76
15663706,0.17
15724858,0.81
15613180,0.12
15583552,0.3
15738291,0.19
15807989,0.01
15661629,0.07
15690546,0.77
15681956,0.0
15633546,0.1
15673591,0.68
15587311,0.01
15675585,0.03
15666548,0.78
15589348,0.04
15748936,0.09
15651389,0.12
15770543,0.15
15704168,0.45
15759913,0.13
15806837,0.04
15639303,0.52
15607275,0.32
15721504,0.04
15627027,0.01
15800515,0.07
15784042,0.26
15758685,0.01
15581840,0.0
15570990,0.33
15684319,0.34
15782219,0.0
15668958,0.04
15801994,0.02
15765093,0.08
15570855,0.0
15758939,0.19
15574743,0.05
15815095,0.47
15658504,0.22
15797736,0.07
15693326,0.12
15733138,0.25
15769818,0.58
15710424,0.28
15756975,0.01
15700424,0.16
15574169,0.54
15783083,0.05
15650026,0.07
15614687,0.12
15585490,0.11
15798521,0.01
15785869,0.01
15598338,0.09
15790678,0.08
15611105,0.01
15763544,0.16
15580845,0.45
15610403,0.11
15764444,0.13
15690540,0.37
15794278,0.14
15628600,0.53
15703143,0.06
15633194,0.83
15587562,0.07
15591822,0.1
15665416,0.13
15774857,0.02
15806913,0.51
15730738,0.02
15769980,0.38
15770567,0.09
15788224,0.75
15632472,0.14
15699309,0.38
15710408,0.03
15670755,0.03
15591577,0.08
15699047,0.03
15774931,0.04
15618391,0.01
15780144,0.15
15802483,0.02
15736769,0.01
15788536,0.22
15641662,0.17
15754599,0.03
15688963,0.45
15706464,0.05
15675888,0.06
15730418,0.01
15807525,0.07
15815615,0.04
15673599,0.0
15717498,0.12
15701605,0.14
15583049,0.19
15795246,0.27
15700540,0.32
15578788,0.01
15800703,0.15
15624744,0.54
15771702,0.29
15734565,0.01
15667134,0.05
15710053,0.14
15566531,0.11
15658449,0.44
15744843,0.25
15626385,0.01
15801436,0.23
15712264,0.04
15693771,0.35
15568953,0.03
15815552,0.11
15711062,0.13
15679991,0.03
15725762,0.01
15624623,0.05
15704509,0.05
15694995,0.0
15694717,0.16
15745088,0.23
15633612,0.09
15702298,0.4
15687626,0.0
15769191,0.22
15744109,0.05
15717995,0.02
15626322,0.25
15584320,0.29
15568595,0.17
15759381,0.14
15738588,0.32
15623499,0.76
15708505,0.06
15590327,0.54
15607065,0.09
15685300,0.01
15722479,0.04
15717156,0.07
15601383,0.18
15732674,0.06
15703763,0.16
15684861,0.06
15752507,0.68
15770424,0.13
15794875,0.03
15720687,0.23
15724466,0.27
15600086,0.14
15799641,0.0
15666633,0.12
15719606,0.11
15798964,0.19
15604314,0.33
15588566,0.05
15757001,0.04
15645717,0.08
15779886,0.02
15759717,0.08
15650266,0.08
15604497,0.48
15764294,0.04
15813741,0.17
15624633,0.17
15795586,0.11
15765520,0.21
15762682,0.15
15606386,0.77
15657105,0.15
15812766,0.21
15646513,0.44
15788068,0.86
15569764,0.34
15657830,0.08
15742009,0.09
15745307,0.38
15723786,0.07
15774551,0.04
15712536,0.03
15613048,0.36
15791958,0.15
15694395,0.11
15707974,0.39
15616676,0.24
15628274,0.02
15736431,0.01
15577313,0.37
15596228,0.02
15779174,0.02
15810167,0.08
15735330,0.11
15696120,0.09
15743478,0.02
15695103,0.02
15572792,0.01
15646558,0.23
15749905,0.79
15711028,0.54
15763806,0.06
15792986,0.22
15617934,0.05
15616859,0.9
15763683,0.18
15803538,0.78
15601589,0.15
15709917,0.38
15690695,0.0
15755648,0.1
15591047,0.29
15745452,0.39
15811613,0.1
15686345,0.01
15631333,0.23
15792328,0.4
15572728,0.01
15623450,0.36
15597591,0.06
15641004,0.28
15798385,0.14
15631436,0.08
15584338,0.06
15774166,0.08
15740494,0.09
15760568,0.16
15764841,0.09
15714877,0.02
15630920,0.05
15648766,0.13
15697042,0.11
15617603,0.11
15739972,0.73
15720636,0.5
15658240,0.3
15763704,0.1
15588955,0.75
15611973,0.08
15670859,0.15
15809999,0.08
15667216,0.03
15597109,0.2
15729975,0.31
15805449,0.0
15761076,0.07
15758171,0.08
15804610,0.04
15659064,0.02
15731543,0.2
15607347,0.15
15668270,0.22
15739576,0.02
15782100,0.08
15719377,0.61
15603925,0.17
15698167,0.17
15738088,0.41
15682686,0.0
15704583,0.91
15766272,0.61
15591150,0.02
15692583,0.01
15675794,0.48
15584967,0.05
15804357,0.34
15773017,0.01
15589437,0.07
15785611,0.12
15599956,0.02
15599329,0.89
15730540,0.2
15746012,0.08
15706729,0.09
15595557,0.0
15639077,0.78
15592751,0.74
15733247,0.45
15715888,0.05
15589210,0.13
15659031,0.06
15622658,0.09
15797246,0.07
15641877,0.34
15808473,0.04
15796993,0.35
15719090,0.22
15726814,0.06
15627859,0.12
15716276,0.08
15741197,0.32
15669946,0.41
15714493,0.01
15689514,0.64
15686983,0.06
15784320,0.17
15729110,0.11
15630349,0.0
15643229,0.02
15778959,0.04
15760294,0.13
15811927,0.23
15772896,0.36
15663917,0.16
15790630,0.53
15747174,0.28
15753215,0.01
15581811,0.11
15705009,0.7
15674156,0.22
15588928,0.03
15681991,0.05
15787014,0.22
15739248,0.15
15761886,0.06
15589147,0.14
15579345,0.53
15740527,0.48
15806447,0.0
15748691,0.25
15713559,0.02
15710087,0.89
15573628,0.67
15576156,0.38
15573926,0.02
15588517,0.03
15705707,0.24
15703068,0.04
15778696,0.3
15762708,0.09
15810800,0.11
15716781,0.21
15704144,0.04
15751208,0.25
15729377,0.0
15648455,0.84
15631871,0.51
15644572,0.22
15624936,0.04
15662854,0.57
15578374,0.12
15724321,0.82
15703292,0.02
15697360,0.2
15584462,0.29
15730161,0.1
15640106,0.16
15633818,0.02
15618171,0.0
15654296,0.36
15717056,0.26
15669219,0.34
15659234,0.04
15801336,0.43
15778752,0.01
15767339,0.43
15699550,0.0
15593636,0.14
15648178,0.29
15762169,0.23
15750258,0.16
15809100,0.2
15570895,0.42
15604355,0.12
15578297,0.62
15744606,0.08
15612108,0.26
15630363,0.26
15606232,0.09
15710978,0.13
15718912,0.47
15712543,0.03
15671769,0.66
15739292,0.1
15658067,0.78
15758510,0.08
15594898,0.23
15619653,0.44
15578369,0.2
15775891,0.5
15653696,0.01
15635256,0.01
15627000,0.02
15643908,0.77
15681196,0.24
15576723,0.07
15797329,0.48
15648951,0.04
15644119,0.11
15566269,0.0
15727619,0.77
15590434,0.14
15602010,0.58
15601324,0.04
15745250,0.57
15796969,0.01
15687001,0.58
15713770,0.18
15705918,0.01
15619340,0.0
15665759,0.08
15566594,0.02
15786905,0.14
15783659,0.16
15734649,0.54
15705991,0.38
15569410,0.11
15702541,0.8
15615219,0.28
15751943,0.08
15801605,0.09
15587297,0.01
15671387,0.06
15702380,0.02
15801431,0.08
15666095,0.03
15703037,0.23
15662021,0.1
15594577,0.01
15736413,0.0
15628767,0.13
15802857,0.11
15666711,0.67
15679966,0.11
15796111,0.52
15603554,0.85
15776629,0.04
15801062,0.03
15687153,0.71
15756894,0.03
15669175,0.12
15659486,0.3
15613141,0.08
15676707,0.04
15640953,0.03
15751175,0.07
15574783,0.03
15711299,0.53
15748616,0.01
15695846,0.0
15630244,0.19
15715744,0.26
15570360,0.0
15725429,0.06
15592999,0.26
15695197,0.09
15665327,0.15
15592761,0.01
15812832,0.08
15655875,0.0
15806389,0.27
15594612,0.37
15742971,0.22
15604551,0.02
15673984,0.13
15654772,0.18
15797751,0.64
15655574,0.33
15782247,0.3
15702138,0.12
15706552,0.07
15572631,0.07
15794849,0.18
15670889,0.07
15805523,0.01
15741336,0.13
15804009,0.07
15683483,0.03
15706593,0.17
15773456,0.04
15593795,0.61
15710164,0.46
15750055,0.02
15741295,0.11
15723818,0.23
15654183,0.07
15801316,0.21
15732202,0.01
15776921,0.39
15643696,0.18
15625964,0.3
15651272,0.0
15764922,0.29
15807167,0.09
15790254,0.24
15568164,0.04
15797081,0.4
15589019,0.03
15658972,0.21
15712551,0.9
15567923,0.18
15720083,0.05
15611905,0.2
15577970,0.14
15719579,0.07
15662337,0.28
15779915,0.09
15810218,0.48
15651674,0.74
15654390,0.2
15757408,0.73
15722053,0.02
15588450,0.15
15664339,0.3
15601787,0.12
15733888,0.1
15646784,0.03
15700946,0.23
15626114,0.19
15685150,0.09
15684925,0.26
15710138,0.02
15695301,0.16
15775206,0.01
15694288,0.03
15573171,0.19
15613102,0.12
15604304,0.24
15614929,0.12
15757777,0.01
15727384,0.38
15780804,0.44
15578977,0.01
15809906,0.06
15574830,0.68
15791836,0.0
15623357,0.16
15801277,0.03
15579647,0.19
15741875,0.15
15688619,0.07
15665053,0.13
15633944,0.05
15679760,0.24
15583755,0.16
15715638,0.12
15728608,0.04
15737310,0.03
15773322,0.64
15776558,0.0
15683993,0.24
15572415,0.0
15724296,0.07
15795933,0.06
15619972,0.28
15642934,0.16
15609998,0.69
15696834,0.0
15633640,0.48
15707861,0.28
15797219,0.29
15809736,0.54
15711635,0.11
15750099,0.44
15774936,0.34
15771997,0.14
15615091,0.09
15624677,0.14
15704378,0.1
15712903,0.32
15626141,0.09
15785798,0.09
15574331,0.5
15613880,0.18
15649297,0.3
15668629,0.13
15616630,0.33
15622985,0.5
15702715,0.05
15641582,0.2
15762218,0.06
15672481,0.01
15732660,0.08
15609058,0.0
15713346,0.04
15736274,0.01
15664752,0.06
15795186,0.24
15718572,0.22
15620836,0.15
15810878,0.07
15660475,0.69
15733973,0.37
15568328,0.03
15619087,0.35
15592765,0.04
15680736,0.29
15680901,0.0
15679743,0.05
15688085,0.11
15668323,0.14
15618314,0.09
15593694,0.14
15700854,0.03
15620981,0.5
15644878,0.3
15699415,0.47
15799825,0.09
15810978,0.07
15786199,0.1
15583857,0.25
15663441,0.3
15675141,0.17
15625247,0.11
15807269,0.31
15568238,0.03
15649853,0.44
15806967,0.21
15671243,0.14
15567328,0.06
15665783,0.11
15578186,0.33
15670584,0.07
15751131,0.21
15806771,0.12
15762573,0.01
15709639,0.05
15725660,0.08
15619616,0.13
15591169,0.61
15724282,0.17
15761453,0.32
15768201,0.2
15769596,0.09
15750156,0.83
15664506,0.14
15764253,0.15
15659236,0.03
15762277,0.4
15758039,0.06
15758449,0.3
15674398,0.0
15811343,0.78
15803908,0.09
15565714,0.23
15670823,0.64
15648225,0.11
15646302,0.04
15634896,0.17
15694859,0.12
15706185,0.13
15602844,0.14
15720706,0.21
15658929,0.14
15773789,0.2
15593969,0.2
15583212,0.15
15673223,0.12
15770214,0.01
15702175,0.05
15601351,0.09
15655252,0.23
15576935,0.05
15742613,0.14
15690744,0.11
15674637,0.27
15627328,0.01
15706904,0.12
15578546,0.16
15737792,0.49
15792489,0.1
15746802,0.1
15788151,0.03
15741728,0.02
15635752,0.01
15748882,0.0
15800228,0.04
15651336,0.0
15786170,0.04
15623489,0.3
15604818,0.09
15752047,0.07
15591386,0.0
15758477,0.02
15688210,0.26
15711977,0.08
15708162,0.17
15758306,0.0
15777830,0.05
15762855,0.08
15809838,0.19
15638774,0.06
15661974,0.39
15572956,0.01
15724648,0.05
15687540,0.02
15721582,0.13
15755978,0.02
15637977,0.16
15691504,0.87
15798906,0.07
15723873,0.03
15693996,0.13
15567063,0.18
15616240,0.01
15770719,0.2
15725835,0.02
15652180,0.0
15804950,0.08
15681327,0.0
15808780,0.06
15641604,0.7
15788683,0.25
15644699,0.23
15582591,0.2
15611786,0.16
15760825,0.02
15716324,0.16
15591248,0.12
15804064,0.09
15675231,0.1
15637717,0.2
15572073,0.01
15585367,0.85
15615254,0.17
15591711,0.24
15669262,0.1
15724251,0.28
15804787,0.15
15609319,0.1
15723717,0.68
15645463,0.03
15754494,0.23
15795527,0.11
15685826,0.08
15672467,0.2
15815271,0.8
15788183,0.27
15663888,0.1
15629617,0.02
15716236,0.01
15687765,0.37
15619304,0.88
15703177,0.03
15642710,0.05
15690925,0.37
15777033,0.06
15761554,0.53
15640133,0.04
15761713,0.51
15626679,0.01
15801817,0.22
15762793,0.08
15714610,0.0
15724663,0.04
15578878,0.05
15608873,0.6
15704581,0.02
15714057,0.02
15787907,0.76
15700601,0.06
15727489,0.45
15806438,0.31
15614818,0.15
15701175,0.04
15695078,0.0
15749345,0.1
15809823,0.33
15681206,0.51
15782089,0.32
15692931,0.03
15636023,0.39
15713596,0.56
15625759,0.01
15746749,0.02
15584580,0.17
15613734,0.03
15673055,0.0
15803976,0.07
15782144,0.0
15592994,0.11
15808868,0.74
15593736,0.84
15590146,0.28
15711316,0.08
15721462,0.17
15579616,0.16
15729489,0.19
15666270,0.14
15809663,0.05
15664907,0.48
15751137,0.13
15690456,0.05
15589221,0.06
15771383,0.55
15716082,0.1
15762048,0.07
15690134,0.33
15571571,0.48
15782899,0.25
15671139,0.09
15605447,0.44
15672016,0.01
15603942,0.76
15607577,0.06
15706647,0.49
15750407,0.17
15643378,0.11
15739931,0.1
15758750,0.19
15672798,0.22
15735849,0.09
15715877,0.02
15571550,0.19
15676513,0.18
15702300,0.0
15809722,0.11
15636912,0.04
15587596,0.16
15570060,0.19
15688637,0.01
15809124,0.12
15694453,0.04
15678910,0.07
15709780,0.03
15615624,0.02
15656293,0.0
15612071,0.01
15726695,0.35
15762937,0.18
15653857,0.0
15628123,0.03
15772412,0.11
15611058,0.28
15735025,0.06
15659355,0.01
15755868,0.1
15621064,0.06
15617252,0.12
15661626,0.52
15710527,0.25
15674840,0.06
15596972,0.17
15765846,0.27
15644296,0.14
15672132,0.23
15650258,0.12
15613097,0.02
15584620,0.48
15724620,0.06
15713975,0.84
15621409,0.1
15694300,0.01
15671609,0.03
15655464,0.34
15593280,0.31
15684645,0.14
15606855,0.0
15777576,0.08
15707042,0.06
15653404,0.11
15595831,0.34
15718843,0.2
15788659,0.13
15662574,0.04
15589401,0.02
15681026,0.26
15795275,0.47
15774536,0.05
15727353,0.77
15737489,0.48
15704657,0.2
15589018,0.02
15747265,0.22
15803685,0.14
15733597,0.17
15651533,0.79
15741180,0.28
15786463,0.73
15682728,0.01
15582168,0.67
15767064,0.08
15755521,0.25
15584766,0.14
15732884,0.05
15658057,0.6
15815070,0.37
15800215,0.01
15746902,0.01
15605916,0.86
15665963,0.06
15621834,0.15
15723411,0.03
15767488,0.0
15592412,0.4
15654230,0.28
15577178,0.45
15722902,0.4
15762803,0.04
15603683,0.25
15600724,0.44
15659710,0.03
15670492,0.0
15793346,0.13
15655274,0.02
15777211,0.21
15801169,0.49
15667462,0.06
15805704,0.38
15677123,0.01
15701972,0.03
15727421,0.0
15607746,0.08
15596405,0.02
15591698,0.72
15683027,0.02
15572038,0.29
15727391,0.07
15666675,0.16
15611157,0.05
15688849,0.76
15663933,0.05
15788494,0.05
15654106,0.08
15724536,0.0
15744717,0.11
15588406,0.0
15693264,0.0
15683416,0.77
15694765,0.77
15661036,0.06
15786717,0.01
15701121,0.1
15715643,0.03
15647725,0.93
15636872,0.19
15754849,0.03
15664881,0.03
15694129,0.37
15593782,0.69
15666823,0.18
15605684,0.06
15716994,0.11
15773723,0.24
15587978,0.11
15654760,0.06
15673238,0.59
15780140,0.02
15607598,0.0
15671514,0.02
15770498,0.15
15744983,0.2
15744046,0.0
15577170,0.13
15654372,0.11
15678210,0.04
15760431,0.0
15686913,0.07
15793455,0.78
15636767,0.15
15790744,0.07
15602405,0.34
15799494,0.16
15770576,0.12
15567993,0.07
15631339,0.16
15580227,0.03
15677184,0.06
15686964,0.15
15625761,0.83
15807239,0.26
15698246,0.0
15692918,0.12
15654463,0.02
15785547,0.28
15598070,0.2
15657529,0.51
15619801,0.02
15700650,0.01
15691785,0.7
15646859,0.6
15615991,0.15
15607690,0.74
15707322,0.39
15650313,0.37
15737961,0.03
15572174,0.05
15658195,0.07
15803457,0.0
15714970,0.34
15626806,0.03
15631310,0.69
15706587,0.11
15713843,0.02
15682322,0.03
15763922,0.01
15804131,0.63
15751084,0.05
15630551,0.15
15758856,0.1
15727408,0.01
15587394,0.06
15580684,0.03
15672970,0.0
15663826,0.28
15625047,0.34
15757865,0.02
15661034,0.31
15605215,0.1
15611024,0.04
15735400,0.36
15671973,0.03
15800688,0.14
15797113,0.02
15618363,0.11
15794414,0.24
15633516,0.25
15809616,0.03
15742116,0.56
15715117,0.4
15667451,0.02
15661219,0.01
15667085,0.0
15774586,0.44
15737452,0.85
15685245,0.38
15626143,0.0
15778320,0.33
15710375,0.0
15696733,0.27
15748595,0.04
15604515,0.14
15810944,0.03
15754919,0.07
15581525,0.04
15654975,0.37
15621687,0.06
15589230,0.41
15809909,0.34
15754526,0.37
15773098,0.0
15806926,0.07
15642885,0.19
15615140,0.01
15759555,0.01
15673584,0.0
15786389,0.04
15624592,0.0
15792668,0.1
15632263,0.06
15588537,0.38
15786237,0.1
15746410,0.04
15813168,0.8
15796813,0.52
15663830,0.06
15750410,0.12
15636423,0.23
15609562,0.37
15757912,0.37
15625311,0.36
15718057,0.7
15756305,0.2
15758362,0.19
15579062,0.0
15702912,0.3
15675963,0.14
15637411,0.0
15592716,0.84
15797905,0.27
15631685,0.5
15724145,0.15
15702416,0.14
15585427,0.08
15688691,0.22
15601026,0.29
15591428,0.03
15726791,0.33
15608408,0.02
15688395,0.0
15648638,0.03
15799925,0.22
15577423,0.47
15718289,0.49
15567834,0.35
15762228,0.07
15581551,0.06
15813327,0.02
15614782,0.04
15795228,0.07
15679551,0.24
15588456,0.14
15647453,0.27
15704160,0.6
15761023,0.43
15737265,0.2
15680436,0.01
15613844,0.22
15638963,0.2
15732967,0.03
15776631,0.12
15693543,0.04
15807889,0.71
15615896,0.03
15800773,0.26
15588341,0.21
15815628,0.21
15627162,0.2
15801548,0.07
15586931,0.19
15697183,0.09
15807768,0.12
15758035,0.16
15793425,0.08
15648800,0.3
15593943,0.22
15771674,0.18
15614168,0.7
15586523,0.31
15622494,0.0
15585388,0.03
15699797,0.3
15758073,0.1
15767954,0.05
15601857,0.85
15773890,0.02
15659694,0.34
15593295,0.22
15713094,0.01
15648030,0.21
15793842,0.11
15697625,0.09
15602312,0.07
15630113,0.03
15757829,0.18
15732020,0.13
15723989,0.11
15718531,0.01
15581197,0.51
15783816,0.05
15687527,0.02
15759250,0.49
15780746,0.11
15678206,0.42
15569209,0.11
15596647,0.2
15736371,0.05
15648461,0.03
15569451,0.05
15603914,0.3
15726466,0.43
15707219,0.04
15654300,0.14
15597131,0.25
15729362,0.07
15688984,0.09
15747097,0.09
15719348,0.09
15793135,0.17
15592816,0.81
15739502,0.1
15570134,0.2
15603319,0.18
15604706,0.43
15571940,0.05
15568506,0.08
15610271,0.41
15679297,0.38
15618182,0.01
15775809,0.14
15655590,0.19
15738174,0.05
15789669,0.13
15640258,0.09
15654859,0.73
15749004,0.18
15700394,0.22
15664547,0.16
15607560,0.1
15612444,0.01
15641158,0.26
15721715,0.44
15704795,0.06
15641480,0.05
15652401,0.07
15786035,0.01
15786852,0.18
15589754,0.31
15608804,0.7
15593128,0.5
15768095,0.06
15670163,0.0
15788930,0.09
15715796,0.0
15619343,0.44
15594041,0.33
15575691,0.08
15726403,0.59
15656005,0.24
15651369,0.06
15731166,0.06
15595010,0.03
15660980,0.0
15781505,0.06
15649423,0.03
15613945,0.02
15762762,0.8
15726631,0.2
15806945,0.16
15672397,0.09
15657284,0.42
15622305,0.07
15751748,0.6
15575492,0.12
15673439,0.21
15577107,0.47
15796218,0.04
15607381,0.23
15696539,0.03
15782758,0.14
15605424,0.12
15792228,0.71
15764073,0.08
15615020,0.23
15658980,0.27
15791452,0.01
15578809,0.2
15810444,0.44
15672574,0.13
15577905,0.04
15770711,0.08
15704586,0.04
15733842,0.07
15768072,0.27
15677921,0.65
15652266,0.21
15766734,0.31
15691387,0.07
15613292,0.01
15704910,0.01
15579994,0.12
15658052,0.17
15765487,0.2
15577771,0.48
15807555,0.14
15780256,0.0
15639004,0.07
15701522,0.03
15713637,0.05
15748069,0.09
15573319,0.21
15753079,0.58
15608166,0.0
15668818,0.41
15749583,0.63
15578006,0.11
15581370,0.02
15755330,0.27
15780254,0.26
15664681,0.16
15757559,0.39
15709232,0.3
15666032,0.13
15660541,0.06
15634974,0.72
15690007,0.55
15763093,0.18
15791030,0.07
15721189,0.02
15761141,0.22
15576263,0.3
15773639,0.12
15625941,0.21
15644453,0.47
15808182,0.07
15614740,0.15
15597385,0.02
15811842,0.03
15656484,0.07
15572360,0.02
15583850,0.17
15751022,0.04
15638989,0.47
15773071,0.14
15725355,0.49
15576162,0.03
15664734,0.03
15594349,0.39
15608886,0.02
15686670,0.01
15695148,0.02
15765257,0.0
15605673,0.05
15807900,0.12
15704466,0.04
15583137,0.15
15691625,0.4
15766017,0.18
15701037,0.0
15676242,0.04
15662884,0.49
15644446,0.12
15671591,0.72
15621685,0.02
15574296,0.0
15656121,0.11
15781129,0.0
15772216,0.27
15583718,0.38
15607993,0.56
15627305,0.03
15771222,0.2
15724834,0.02
15580487,0.05
15565879,0.01
15620372,0.0
15659931,0.81
15742668,0.21
15720676,0.04
15714832,0.25
15769064,0.41
15704987,0.78
15802106,0.27
15761102,0.46
15769312,0.13
15801218,0.17
15717937,0.37
15606177,0.0
15694296,0.03
15570601,0.5
15696388,0.2
15729958,0.1
15692235,0.03
15674110,0.17
15631868,0.01
15810418,0.77
15622585,0.05
15707681,0.08
15756071,0.04
15736299,0.22
15567114,0.1
15698953,0.55
15591980,0.02
15767432,0.32
15808674,0.82
15722037,0.21
15725737,0.07
15647203,0.33
15777076,0.06
15592937,0.25
15809654,0.1
15697597,0.03
15654379,0.11
15591915,0.37
15675190,0.02
15616550,0.37
15741403,0.32
15756155,0.0
15585768,0.07
15762882,0.24
15610090,0.05
15719479,0.06
15730447,0.23
15743016,0.32
15728542,0.1
15619953,0.4
15691792,0.28
15777784,0.21
15713370,0.17
15631162,0.01
15782608,0.05
15634491,0.06
15704788,0.25
15644882,0.23
15689425,0.03
15812767,0.08
15770255,0.3
15742019,0.05
15679611,0.22
15681446,0.19
15640865,0.03
15791216,0.63
15630704,0.14
15715519,0.03
15737732,0.16
15582154,0.25
15664737,0.03
15649136,0.04
15586264,0.58
15652955,0.07
15803801,0.25
15796496,0.23
15769548,0.19
15786680,0.0
15700627,0.75
15675926,0.32
15656912,0.29
15732704,0.07
15708063,0.6
15583303,0.11
15673367,0.29
15602497,0.02
15674720,0.33
15752488,0.01
15592123,0.03
15701524,0.01
15573769,0.06
15634267,0.03
15749177,0.08
15642336,0.18
15641850,0.17
15684769,0.27
15645271,0.14
15598086,0.55
15807432,0.17
15777893,0.02
15624424,0.17
15752809,0.19
15619955,0.68
15636396,0.01
15792176,0.21
15731781,0.1
15803749,0.15
15768566,0.0
15650924,0.02
15747043,0.02
15668943,0.0
15708710,0.17
15761340,0.0
15762351,0.16
15681410,0.11
15627637,0.1
15773276,0.53
15685096,0.12
15786196,0.89
15637774,0.08
15675749,0.02
15605665,0.18
15716164,0.22
15805112,0.2
15580953,0.05
15626898,0.08
15581295,0.85
15632275,0.08
15657881,0.16
15569222,0.06
15798885,0.23
15726310,0.04
15786153,0.44
15605059,0.7
15610686,0.66
15598982,0.69
15702741,0.04
15611756,0.33
15750497,0.3
15676404,0.75
15642099,0.01
15660417,0.47
15749265,0.35
15658675,0.17
15706021,0.07
15811762,0.85
15652674,0.09
15643635,0.02
15807728,0.65
15810826,0.01
15802256,0.07
15698791,0.35
15640266,0.04
15809901,0.0
15574283,0.01
15754012,0.03
15791045,0.05
15641122,0.0
15756333,0.06
15586870,0.19
15682757,0.01
15633897,0.05
15571065,0.09
15615828,0.01
15755241,0.6
15616172,0.03
15699619,0.04
15688071,0.22
15585865,0.21
15722425,0.01
15619857,0.36
15718921,0.06
15790247,0.0
15688951,0.12
15766683,0.22
15583371,0.05
15667417,0.08
15795151,0.18
15728885,0.19
15643903,0.07
15661526,0.19
15691906,0.67
15766163,0.02
15760749,0.07
15800856,0.03
15672821,0.01
15604138,0.1
15720662,0.06
15732102,0.08
15628219,0.38
15812198,0.85
15666043,0.08
15753343,0.03
15717643,0.01
15615032,0.0
15574324,0.09
15724334,0.16
15687413,0.02
15661007,0.09
15667896,0.06
15625592,0.04
15748123,0.01
15682834,0.01
15591509,0.02
15708608,0.19
15794580,0.77
15656351,0.17
15676571,0.69
15757425,0.02
15798024,0.19
15688563,0.08
15585066,0.46
15629985,0.48
15666982,0.4
15723884,0.0
15588944,0.5
15639530,0.29
15615444,0.0
15659420,0.01
15716334,0.19
15618774,0.79
15682048,0.64
15775703,0.06
15656921,0.01
15716800,0.0
15777616,0.47
15677020,0.54
15732832,0.04
15727281,0.0
15597951,0.62
15697844,0.27
15723400,0.0
15680752,0.56
15718765,0.31
15770995,0.66
15642912,0.15
15598097,0.1
15599976,0.03
15596797,0.03
15694192,0.04
15665378,0.42
15701280,0.07
15741719,0.22
15713250,0.0
15694601,0.23
15673372,0.52
15711540,0.04
15611635,0.1
15705448,0.42
15606229,0.0
15703354,0.04
15585595,0.03
15567333,0.01
15599792,0.02
15802758,0.16
15616028,0.16
15788556,0.17
15776223,0.27
15774164,0.06
15732307,0.1
15727919,0.12
15738411,0.03
15623972,0.21
15700353,0.01
15685314,0.02
15657306,0.51
15787655,0.06
15591550,0.03
15580149,0.03
15665159,0.16
15796612,0.06
15804771,0.48
15577657,0.04
15757759,0.7
15782574,0.0
15579183,0.06
15705657,0.28
15571193,0.45
15615296,0.46
15567557,0.03
15766289,0.25
15747542,0.06
15624993,0.14
15732778,0.07
15624820,0.76
15728010,0.02
15778694,0.04
15636977,0.77
15790763,0.45
15734610,0.78
15629885,0.15
15667190,0.19
15807923,0.35
15789432,0.36
15812611,0.01
15616330,0.03
15778190,0.16
15714586,0.15
15781975,0.01
15811327,0.22
15698839,0.33
15573876,0.27
15722212,0.25
15729224,0.05
15690796,0.14
15718944,0.04
15626900,0.09
15603880,0.54
15706602,0.16
15631927,0.05
15723721,0.01
15772601,0.1
15639662,0.04
15765014,0.28
15575391,0.01
15751412,0.06
15737888,0.12
15593501,0.18
15784010,0.32
15679642,0.01
15741416,0.32
15796958,0.0
15796787,0.62
15621870,0.5
15742681,0.25
15622003,0.02
15718507,0.06
15671104,0.16
15755416,0.01
15769346,0.06
15772482,0.55
15787619,0.16
15732943,0.03
15708256,0.0
15709199,0.32
15633648,0.31
15665222,0.49
15680303,0.81
15665374,0.09
15729836,0.05
15600478,0.07
15572291,0.1
15755178,0.59
15800845,0.05
15711288,0.02
15682489,0.11
15585867,0.0
15635097,0.09
15663421,0.09
15791304,0.08
15724443,0.22
15750929,0.0
15801351,0.01
15590199,0.02
15769254,0.15
15576623,0.01
15609987,0.33
15793478,0.26
15786167,0.04
15758252,0.25
15681115,0.06
15749482,0.18
15661473,0.68
15594685,0.2
15632576,0.09
15651020,0.09
15617655,0.01
15609643,0.26
15577402,0.02
15755239,0.07
15633608,0.0
15718773,0.04
15802362,0.07
15700813,0.12
15709861,0.0
15689692,0.12
15676433,0.35
15641994,0.64
15591766,0.08
15806081,0.7
15795511,0.18
15649183,0.59
15651585,0.15
15695585,0.09
15663942,0.03
15669589,0.35
15791769,0.13
15600379,0.01
15745001,0.01
15809847,0.16
15714391,0.48
15691863,0.03
15801293,0.07
15807563,0.91
15581323,0.07
15793424,0.11
15570414,0.15
15761348,0.03
15769051,0.08
15692110,0.27
15684440,0.12
15655389,0.17
15569759,0.73
15788025,0.15
15766887,0.06
15690526,0.09
15669281,0.04
15617486,0.58
15744529,0.2
15776807,0.09
15658852,0.01
15650391,0.22
15623102,0.02
15584505,0.06
15611318,0.05
15634606,0.1
15581505,0.01
15570681,0.0
15805909,0.18
15608209,0.09
15740404,0.01
15738191,0.0
15725906,0.2
15791535,0.03
15753840,0.27
15627514,0.03
15704819,0.09
15750121,0.27
15658459,0.05
15666856,0.24
15724200,0.06
15803365,0.24
15625698,0.04
15702014,0.06
15671610,0.29
15745794,0.04
15645371,0.43
15658169,0.38
15648725,0.03
15588219,0.2
15589420,0.22
15622729,0.09
15649738,0.15
15648069,0.09
15641690,0.01
15794253,0.24
15738018,0.01
15588918,0.07
15747558,0.07
15675501,0.25
15792222,0.12
15617432,0.35
15796834,0.04
15657535,0.05
15648005,0.01
15768367,0.31
15645517,0.02
15709256,0.03
15783865,0.23
15618926,0.05
15709222,0.06
15761286,0.19
15801924,0.07
15629750,0.09
15721569,0.57
15626475,0.01
15693683,0.07
15665129,0.13
15634551,0.92
15761018,0.49
15583364,0.05
15668235,0.19
15669491,0.37
15699598,0.0
15775562,0.01
15628963,0.14
15784097,0.19
15686776,0.3
15663410,0.76
15714256,0.0
15781619,0.34
15587299,0.73
15671032,0.08
15618765,0.54
15658548,0.13
15576526,0.04
15700366,0.04
15592578,0.27
15571778,0.66
15690330,0.12
15611848,0.12
15616555,0.26
15700209,0.27
15690664,0.0
15795963,0.01
15763327,0.03
15797748,0.04
15628947,0.01
15631392,0.12
15607877,0.0
15569249,0.86
15658670,0.03
15757434,0.05
15635285,0.06
15668081,0.23
15677288,0.44
15800366,0.07
15677371,0.47
15566543,0.2
15618816,0.22
15750803,0.1
15620268,0.29
15793890,0.29
15665088,0.08
15730059,0.11
15787830,0.12
15689031,0.22
15791767,0.04
15571666,0.25
15759991,0.12
15692443,0.1
15600280,0.03
15583849,0.11
15620111,0.44
15731569,0.13
15667093,0.19
15754926,0.0
15759733,0.01
15762821,0.0
15756125,0.15
15579787,0.0
15648272,0.01
15619514,0.45
15594456,0.27
15653937,0.87
15768455,0.02
15569670,0.05
15635597,0.0
15785042,0.09
15694408,0.19
15652914,0.06
15608845,0.16
15803378,0.05
15695699,0.0
15643048,0.05
15642937,0.22
15581229,0.2
15636592,0.15
15791780,0.78
15606554,0.0
15716000,0.03
15667602,0.0
15659568,0.05
15640866,0.08
15690079,0.04
15648067,0.01
15624703,0.19
15609521,0.01
15620758,0.01
15745326,0.72
15755077,0.07
15671930,0.01
15585241,0.07
15644833,0.88
15777459,0.15
15681081,0.13
15729689,0.06
15641170,0.06
15567431,0.19
15630580,0.14
15661745,0.14
15628972,0.47
15595047,0.06
15580682,0.05
15733966,0.56
15669994,0.19
15712403,0.89
15643819,0.01
15644962,0.05
