carID,price
12000,38851.41
12001,23937.69
12004,57933.63
12013,15091.36
12017,51297.72
12019,23265.10666666667
12020,18007.93
12024,20509.44
12027,24282.65
12028,34279.37
12029,31592.68
12034,25872.77
12040,48623.62
12041,34431.52
12042,11971.61
12043,33391.79
12046,32644.19
12047,27011.87
12048,3422.18
12049,8814.67
12052,27554.81
12054,23489.92
12056,27130.46
12060,32429.72
12064,54884.29
12069,33536.34
12071,73351.34
12073,26933.74
12076,33391.79
12081,11362.25
12082,20166.1
12083,19813.35
12088,8656.79
12091,19028.42
12095,16994.42
12096,26333.44
12100,20862.81
12102,21678.8
12103,88518.74
12116,29369.0
12119,67764.65
12122,8796.85
12129,12062.05
12133,29618.59
12136,51504.87
12138,19418.23
12141,37213.8
12142,21369.53
12151,10860.69
12153,15993.22
12155,46246.73
12158,20769.63
12160,14036.13
12166,34314.243373015874
12167,21262.36
12173,20842.42
12179,17987.05
12180,20128.56
12181,17589.230714285713
12182,13582.44
12183,8515.71
12184,7925.75
12186,43274.01
12187,19697.21
12191,40415.37
12193,32221.68
12196,20181.88
12199,14212.65
12201,39825.18
12203,20287.27
12208,19297.213333333333
12210,14269.9
12211,20594.79
12219,18601.56
12220,20277.59
12224,49695.37
12228,48483.07
12231,12867.71
12232,23841.66
12233,66354.16
12235,40403.5
12238,18220.42
12245,47735.22
12247,45960.49
12248,47475.41
12250,18236.31
12254,38740.583333333336
12256,13694.95
12258,8565.0
12259,44397.14
12264,12282.44
12265,20424.76
12266,25080.26
12268,37653.6
12270,21928.08
12274,20527.9
12276,21001.60333333333
12277,8799.44
12279,20521.34
12283,21102.11
12284,33913.82
12287,28837.11
12289,60899.97
12291,18034.81
12292,40085.44
12295,12737.35
12298,25566.83
12299,21286.99
12300,34548.48
12309,7375.5
12311,18991.58
12312,8614.56
12314,10656.04
12318,4219.08
12320,56024.74
12321,4716.71
12324,37344.0
12325,33102.17
12326,10641.45
12328,16773.31
12329,17973.35
12331,9040.31
12332,31440.1
12333,13645.91
12338,20181.67
12346,18725.37
12354,25351.47
12355,31790.085
12359,33109.293333333335
12360,33911.47
12362,8747.8
12364,13296.72
12365,47897.3
12368,14611.96
12373,15439.33
12376,7443.79
12378,14895.0
12379,30831.48
12381,32999.95
12384,17203.27
12386,8042.96
12388,35031.31
12392,28549.03
12401,33536.34
12402,55382.85
12405,8469.09
12407,17490.35
12410,8981.11
12412,46716.01
12415,8347.66
12417,42476.66
12422,49616.04
12424,18445.1
12425,43867.39
12429,3369.24
12430,19040.67
12432,5626.94
12434,22089.82
12436,37713.39
12437,10272.84
12442,36204.01
12444,7869.86
12448,47551.62
12449,4677.21
12450,32191.275
12451,47558.58
12452,31672.08
12453,21303.42
12457,9264.58
12460,4357.83
12465,13248.83
12467,19040.67
12468,11355.5
12469,21542.46
12474,20112.39
12482,6902.77
12485,22430.31
12487,7851.72
12501,6795.05
12504,17163.85
12506,17029.1
12507,12226.12
12508,17707.1
12511,15494.25
12518,2240.57
12521,11143.83
12522,24058.2
12538,8270.6
12542,9329.82
12545,22430.84
12546,4741.02
12547,17293.91
12548,19471.86
12549,11472.63
12551,14037.81
12552,16281.701666666668
12553,34771.77
12554,17124.26
12556,6687.38
12557,52421.53
12560,15485.85
12562,32519.53
12563,6778.04
12564,16414.26
12566,15602.46
12574,28504.76
12575,76136.79
12576,61068.86
12580,12944.82
12583,11272.56
12589,19945.76
12590,9815.13
12591,21604.38
12594,12529.83
12598,24477.09
12601,72792.8
12602,11401.64
12603,27217.75
12604,25495.35
12605,26036.07
12609,28951.986666666664
12615,35075.39
12618,19021.23
12619,35589.78
12621,38797.73
12622,7367.01
12630,17234.84
12631,47460.41666666667
12632,2824.04
12639,9509.06
12641,20295.9
12645,41794.42
12647,35112.45
12648,18096.0
12651,46858.62
12655,20671.75
12657,37369.11
12662,33130.47
12665,19753.22
12666,7161.933333333333
12668,26229.51
12672,25602.03
12673,10749.841166666665
12675,16973.81
12677,2940.84
12680,15073.6
12683,34539.57
12685,37331.8
12687,13815.65
12692,42736.44
12694,11239.98
12702,31170.72
12703,18589.92
12704,18079.08
12705,69174.95
12708,25396.51
12710,16369.51
12711,34399.05
12713,28672.2
12715,21561.46
12716,29919.82
12726,18219.52
12728,22290.04
12734,32011.794107836606
12736,9306.63
12746,57671.01
12750,13367.32
12754,19401.94
12755,21149.46
12759,20273.27
12762,13661.45
12763,20321.67
12767,72269.95
12768,16422.39
12772,12934.56
12773,16852.9
12777,41486.16
12779,14790.76
12788,8406.68
12789,27883.85
12790,37960.43
12796,11379.27
12798,13862.73
12804,14017.16
12805,18651.64
12807,26831.77
12810,28383.04
12811,50374.07
12812,11973.74
12818,6113.42
12821,15292.75
12822,30175.28444444444
12825,29784.05
12829,18423.74
12831,29726.72
12832,26347.36
12833,28562.83
12836,16442.87
12838,24988.46
12841,35798.64
12843,18104.43
12848,11040.4
12850,19921.86
12853,11814.58
12855,15462.27
12858,11751.81
12859,8761.22
12860,50213.67
12861,56079.76
12862,9441.72
12866,79939.22
12869,9347.08
12870,9855.23
12872,45507.97
12873,17866.36
12874,19354.85
12877,38476.13
12878,26202.40666666667
12881,6759.15
12882,20647.34
12887,11781.21
12892,18477.94
12893,20267.64
12895,41644.01
12896,15585.68
12897,29988.07
12902,14166.0
12907,11916.51
12912,14499.87
12918,5173.14
12919,7014.23
12936,27978.74
12938,15500.51
12939,36050.95
12946,13309.73
12947,37869.73
12950,5261.91
12954,11137.28
12955,13252.58
12958,26628.44
12960,42673.92
12961,14722.45
12964,19575.73
12965,19581.14
12970,38874.77
12974,7444.89
12979,14807.27
12981,4809.87
12982,11534.26
12985,9853.81
12986,27046.74
12988,24045.76
12989,13059.23
12992,9877.73
12993,12240.46
12996,20072.95
12998,32802.61
12999,28166.52
13000,17640.2
13001,16406.82
13002,19897.03
13003,3399.67
13004,28082.34
13012,35041.88
13013,15917.44
13016,24083.34
13017,4412.82
13020,18122.74
13024,22980.37
13031,39095.63
13034,13685.74
13040,17862.05
13041,31737.32
13042,8750.37
13043,26797.16
13046,13257.98
13047,27410.64
13049,14929.72
13050,49256.23
13051,15264.9
13057,18415.88
13058,20805.17
13063,14429.58
13064,30198.266666666666
13069,55896.65
13071,21639.48
13072,8462.54
13073,15399.03
13074,26069.64
13079,10867.81
13081,27422.54
13087,10879.72
13089,6937.42
13096,22789.34
13098,13007.84
13106,18448.19
13109,52797.47
13114,20169.81
13115,38875.64
13116,14088.07
13119,16727.66
13122,9249.1
13126,18449.73
13129,19138.34
13133,28504.76
13134,19795.71
13136,8114.68
13140,9270.58
13144,9108.56
13146,11916.51
13147,26245.71
13148,19031.4
13150,11932.19
13152,22151.19
13153,19292.56
13155,27606.09
13156,15974.83
13159,21612.82
13160,11015.99
13170,35847.55
13173,9039.203333333333
13174,17376.9
13178,15116.5
13181,11911.62
13184,15811.42
13186,19880.12
13188,22579.82
13189,19023.12
13191,26141.581372793866
13194,15625.229166666664
13195,18391.66
13197,13870.8
13201,31485.39
13214,19887.2
13215,16971.33
13216,16950.96
13218,23363.27
13220,41997.04
13221,22300.23
13227,11690.32
13231,19712.06
13234,56153.43
13238,18192.43
13240,16352.65
13244,8708.04
13245,33391.505
13248,27196.12
13249,21713.63
13250,42263.64
13256,42078.3
13257,45382.19
13262,6088.57
13265,27411.37
13267,21269.815
13273,15954.05
13275,9105.363333333333
13279,27588.18
13280,5051.39
13287,24436.45
13291,13205.96
13295,40002.93
13298,26141.581372793866
13299,7939.79
13305,21520.68
13306,7006.78
13311,13275.1
13313,38788.45
13314,12167.85
13315,29198.03337551337
13316,9040.61
13319,34051.28
13326,48797.84
13327,19145.23
13328,37493.88
13329,38521.83
13335,20484.095
13337,16226.38
13338,21920.89
13349,13699.87
13351,20883.07
13352,10063.1
13355,57415.06
13361,10604.53
13364,9333.16
13366,16665.04
13367,7068.02
13368,19296.95
13371,33051.04
13375,95621.73
13377,47605.49
13379,11185.0
13383,9870.0
13384,15156.66
13386,8840.97
13387,14418.81
13393,17236.42
13396,9907.0
13398,12757.86
13400,19940.69
13402,9223.04
13406,30312.18
13408,56351.04
13409,11287.51
13413,15281.78
13414,23355.81
13416,18797.51
13419,45433.48
13420,16670.87
13422,11327.36
13424,30019.86
13432,7779.0
13433,2992.8
13437,15608.52
13438,6559.69
13442,27134.64
13443,16286.75
13444,16691.71
13446,18260.32
13447,44467.34
13449,5744.04
13454,3709.17
13460,22662.658333333336
13462,15077.18
13468,66414.23
13470,15310.61
13472,14017.43
13473,15838.7
13477,28651.54
13478,13157.54
13479,5036.54
13480,8618.82
13496,67555.68
13503,12691.57
13504,39221.48
13505,31327.36
13508,29207.33
13509,12768.37
13513,74163.83
13524,85780.47
13525,11449.605
13526,36416.46
13530,7986.07
13534,21287.13
13535,30992.44
13541,30322.75
13547,56971.16
13551,45296.79
13552,31825.31
13553,19003.21
13558,6246.82
13562,59043.43
13563,15177.09
13566,16435.42
13573,40940.44
13577,27793.69
13581,31553.17
13584,15959.8
13587,10470.9
13594,15625.88
13595,21029.95
13597,27033.63
13603,21458.42
13604,10670.87
13606,13978.07
13610,61509.86
13617,6375.33
13619,32299.53
13620,51463.42
13621,12160.3
13622,32260.44
13624,73948.54
13626,15382.06
13627,12367.63
13628,8399.78
13631,31811.41
13634,48130.27
13639,4310.37
13640,14111.23
13645,3818.03
13647,22910.75
13649,25438.39
13651,18047.24
13652,8948.67
13654,37769.35272727272
13655,44635.73
13662,53374.03
13665,33074.79
13666,15632.55
13668,6455.1
13670,9325.97
13672,16043.19
13678,7711.41
13682,39731.07
13684,37835.31
13689,49709.69
13690,8818.43
13692,44221.49
13695,14414.93
13698,39039.02
13700,14795.95
13702,27287.09
13707,19231.17
13712,3941.72
13713,9549.93
13716,18550.15
13719,36523.32
13721,42284.22
13729,7479.58
13730,24960.98
13731,25131.84
13733,16545.07821428571
13736,21360.51
13742,13939.83
13746,9156.55
13751,41289.31
13755,27829.36
13756,22670.11
13759,15164.67
13767,7727.74
13768,22133.58
13771,2891.95
13774,19742.07
13775,13751.77
13776,13537.71
13781,18479.61
13785,19451.106666666667
13787,35698.52
13788,19303.2
13789,5655.04
13790,17835.9
13791,47489.78
13792,21990.21
13793,43962.52
13794,12493.64
13795,5045.82
13797,18814.35
13804,13666.22
13812,26539.8
13813,19461.95
13814,10419.19
13820,46932.5
13823,4747.24
13825,14353.34
13828,18783.02
13830,61314.56
13831,14579.98
13833,30638.43
13834,42702.31
13837,28112.89
13838,13851.77
13842,16370.47
13845,11312.04
13847,10025.36
13850,17791.48
13854,29131.64
13856,34342.94
13857,10630.96
13858,17725.11
13861,8255.27
13865,5864.73
13869,20936.56
13872,34168.66
13875,19148.07
13877,12592.85
13878,13998.21
13882,49021.78
13885,43088.88
13889,20459.68
13890,13073.51
13892,11022.155833333334
13895,19985.65
13896,19910.14
13897,14292.75
13898,15502.75
13900,11462.43
13901,11911.09
13903,21291.38
13906,39544.57
13909,31336.45
13914,83417.63
13915,27668.43
13916,10513.13
13919,16739.67
13921,9924.74
13922,40108.41
13925,86717.83
13926,29394.91
13927,16980.18
13928,48162.66
13929,2733.79
13930,6813.61
13934,26983.14
13935,4849.13
13944,47665.26
13945,3982.64
13947,16151.35
13951,7791.79
13953,27631.11
13955,14674.13
13958,9176.76
13959,18551.68
13966,30191.85
13967,123978.6
13969,45182.61
13972,48724.45
13978,33468.09
13981,11952.45
13984,12489.54
13991,21596.89
13994,21372.89
13998,18358.53
14001,39957.47
14005,39785.18
14006,12227.1
14008,11366.65
14009,14202.97
14019,44399.44
14020,11393.56
14026,55022.91
14029,29208.78
14037,23171.17
14038,18497.76
14039,16758.37
14042,16679.87
14044,15380.9
14048,18134.88
14052,18669.786666666667
14058,19691.73
14063,7811.29
14065,21269.58
14069,17452.68
14071,18363.42
14072,45025.58
14078,20889.84
14079,8942.03
14080,16378.61
14089,8845.79
14091,17102.2
14094,14599.05
14097,9086.01
14098,20510.68
14099,11513.23
14100,24695.38
14102,62837.28
14105,8129.36
14107,1897.33
14110,18462.2
14111,15564.96
14120,23321.42
14122,17401.31
14126,43858.08
14130,7797.76
14133,17512.513333333332
14135,5118.37
14140,14935.67
14147,12312.95
14150,4959.86
14151,56471.28
14154,32094.01
14156,28821.22
14161,8114.68
14172,7239.09
14173,42466.17
14176,19653.313333333335
14177,19686.97
14178,23836.76
14180,14673.64
14181,9147.0
14182,11361.99
14183,13724.88
14184,39995.28
14186,9122.04
14189,20157.03
14191,17508.93
14192,7767.6
14194,20085.62
14199,12943.05
14201,25500.48
14204,31089.34
14210,21830.18
14211,13753.52
14215,32667.3425
14218,4511.6
14219,17472.01
14220,17150.17
14221,10107.9
14224,18113.47
14226,16621.91
14230,47378.69
14234,10895.29
14240,15575.16
14243,5069.99
14245,10694.94
14246,27145.05
14248,18503.5
14251,34907.48
14257,14407.5
14259,11351.72
14262,17572.39
14264,23674.72
14267,55792.09
14273,6726.53
14278,13328.77
14280,48315.91333333334
14286,18623.85
14287,17554.1
14288,9628.04
14291,63385.33
14298,9039.88
14301,50405.73
14304,19735.56
14305,20797.28
14306,19160.0
14307,31036.19
14309,12130.06
14313,12428.05
14314,64897.29
14318,15323.13
14321,6370.39
14326,51785.79
14327,5336.42
14331,16415.95
14332,8437.08
14333,16837.84
14343,34739.16
14351,9372.78
14354,18499.95
14360,27257.39
14361,10766.89
14367,14061.13
14370,20371.38
14371,7647.09
14375,41920.76
14377,33124.18
14382,19978.13
14383,20830.03
14387,48236.58
14391,11959.04
14394,22032.32
14395,16467.09
14399,34103.87333333334
14401,9506.22
14402,15420.23
14404,10317.25
14406,5276.37
14409,37888.18
14410,8139.32
14411,6352.33
14418,17483.83
14420,46501.36
14421,10458.79
14423,7046.123333333334
14424,20023.76
14427,45537.3
14430,14741.88
14431,17999.45
14440,23686.13
14442,6919.08
14444,42742.2
14447,9738.89
14448,33911.66
14449,12433.73
14450,24071.41
14451,13637.16
14452,21712.11
14453,18054.5
14456,19162.78
14462,17042.06
14463,34042.25083333333
14466,11183.05
14468,23051.768333333333
14472,10058.59
14473,38465.21
14474,72374.67
14476,27604.95
14477,36796.94
14480,23193.16
14481,19557.97
14483,17804.35
14488,20289.81
14493,10425.72
14494,19316.23
14500,27586.755
14501,16990.75
14502,26207.98
14503,4322.01
14504,18439.03
14505,14365.69
14506,59853.44
14507,21960.61
14508,19577.8
14512,16343.77
14513,18281.56
14514,10372.78
14515,32727.77
14516,38629.44
14518,35441.3
14519,19701.17
14522,10515.59
14523,67302.51
14524,47584.79
14525,11834.36
14527,32264.77
14530,65852.94
14536,13244.16
14538,25465.5
14548,15920.5
14549,10592.83
14552,3112.26
14553,18716.1
14555,13958.88
14562,28884.24
14564,11056.13
14567,16618.38
14568,16024.725
14572,19232.04
14573,25807.73
14574,7276.38
14575,13220.93
14576,20296.92
14579,22488.05
14581,9949.97
14582,21561.46
14587,10463.07
14588,15855.19
14591,5154.34
14592,37670.93
14596,21188.02
14601,13276.43
14602,59269.31
14605,43020.56
14608,30744.72
14619,16130.45
14622,17232.9
14623,30379.05
14629,10315.2
14630,9272.34
14631,37608.45
14633,35765.36
14638,11700.85
14640,24288.6
14642,7372.23
14643,56971.16
14644,11964.18
14645,35494.94
14650,8710.04
14658,48514.19
14661,19913.94
14664,14655.71
14667,14001.92
14670,47290.74
14671,13987.71
14674,35110.18
14681,38426.11
14682,3963.65
14685,30749.72
14688,8828.77
14691,13971.04
14693,45801.67
14694,16167.39
14697,25516.46
14700,7515.47
14701,17947.13
14703,31421.78
14708,25271.73
14715,7681.18
14718,19411.28
14719,45371.77
14722,7848.86
14724,6383.87
14726,40529.29
14727,21244.4
14729,72625.76
14734,21618.86
14737,18120.71
14742,6368.0
14744,9818.04
14748,7551.06
14749,7310.12
14756,23549.15
14758,33083.94
14760,38105.76
14762,18038.25
14773,21211.16
14776,15842.07
14778,70113.49
14779,10656.49
14780,17821.57
14781,27154.32
14782,12612.16
14784,88418.47
14787,24995.5
14791,17047.76
14792,24609.81
14797,22491.63
14804,11500.39
14806,10283.59
14811,125003.71
14812,10180.26
14814,19035.12
14818,45240.58
14819,9193.61
14827,21008.52
14829,12275.13
14830,8273.5
14836,17057.46
14843,6980.28
14847,43320.54
14848,7336.59
14850,14269.1
14851,15217.39
14854,13405.35
14855,10354.01
14857,10111.44
14858,20181.17
14861,20460.5
14866,25188.85
14870,16262.35
14872,10535.22
14874,6974.336666666666
14883,10764.87
14886,7495.63
14887,22261.86
14889,20647.34
14893,28193.4625
14899,21245.79333333333
14900,26324.22
14907,21851.63
14911,17894.83
14913,3598.8
14915,68468.11
14916,20085.7
14919,17446.57
14924,25544.89
14925,32788.055
14927,4337.8
14936,18475.37
14940,14377.07
14943,64003.59
14945,18224.77
14950,20438.66333333333
14952,58634.93
14955,6254.94
14958,16941.34
14964,11121.37
14966,17817.63
14967,13807.07
14968,8133.54
14972,17139.32
14978,11392.45
14982,3342.53
14984,51746.07
14985,7573.14
14986,21381.46
14987,13094.52
14988,23945.06
14991,73936.17
14997,9168.07
14998,29249.37
14999,11023.55
15000,57855.51
15002,31327.81
15003,9609.88
15004,16840.66
15005,30805.92
15006,7100.89
15008,27800.4325
15014,6680.99
15021,40834.08
15022,9129.64
15027,12036.09
15031,50516.26
15036,61176.51
15037,8412.58
15038,38353.46
15039,29693.77
15046,34024.92
15047,22822.88
15055,36748.77
15056,28823.66
15061,19033.54
15062,9848.06
15069,19796.89
15072,29624.97
15073,17772.52
15075,9084.36
15076,28292.92
15077,13020.44
15079,28969.73
15082,3649.24
15085,15009.92
15089,14255.31
15093,3049.55
15094,25242.82
15095,4134.37
15098,14972.96
15099,16101.01
15104,38957.78
15105,14858.66
15109,16533.12
15112,10370.22
15117,27431.29
15124,16663.92238095238
15127,6191.9
15131,20195.78
15132,18352.58
15134,20170.13
15144,10872.59
15145,13440.59
15146,53260.42
15147,20387.14
15148,42133.86
15150,6784.89
15155,27284.885
15156,10944.33
15157,52466.1
15160,31899.51
15163,47292.22
15165,13418.54
15168,43908.63
15170,4959.86
15172,25162.17
15175,29509.74
15176,29916.92
15182,15418.93
15183,54443.14
15186,19180.32
15188,52224.98
15189,41476.59
15196,87120.64
15203,49520.84
15204,18501.23
15205,18121.93
15208,2168.84
15212,33326.3125
15213,18336.93
15220,15410.26
15225,7490.4
15228,3636.67
15229,4703.7
15231,10136.7
15232,7484.4
15233,16278.38
15242,22204.85
15243,6557.22
15247,16740.79
15259,20987.2
15261,5673.96
15263,6981.14
15264,14019.03
15271,19081.24
15272,65907.17
15275,11411.55
15277,19797.67
15280,31585.48
15284,54907.79
15285,21520.89
15286,15617.87
15287,17773.1
15289,9954.64
15290,20734.64
15292,23353.91
15295,4151.1
15297,18583.8
15298,10397.69
15300,49538.12333333333
15305,17182.77
15306,15715.54
15309,56722.49
15314,22450.97
15315,6414.52
15320,16757.32
15321,19187.92
15322,18014.79
15325,30638.43
15327,30992.44
15329,5403.37
15338,53088.21
15339,19031.4
15342,18242.04
15345,12088.6
15346,48163.66
15347,13762.33
15348,13712.67
15353,13437.24
15356,14582.39
15360,13373.71
15365,17310.9
15372,13641.68
15374,19940.2
15375,32145.63
15380,19951.48
15388,15559.26
15393,23024.38
15400,8131.32
15404,33800.24
15406,4323.74
15407,18503.83
15409,7046.88
15410,21126.7
15411,24490.07
15413,23850.1
15414,41395.06
15415,21561.46
15416,6090.44
15420,8260.98
15423,6121.22
15430,24353.14
15431,11716.67
15434,42300.01
15436,25087.7
15437,13561.05
15440,8775.27
15443,25626.83
15444,106804.84
15445,32744.14
15446,43619.76
15447,39408.64
15452,53426.94
15454,17896.11
15455,44141.49
15461,11385.35
15462,14375.49
15463,29418.82
15464,16668.29
15465,37789.28
15467,26414.39
15470,30286.26
15471,15204.64
15473,27590.47
15479,24911.71
15481,11538.7
15483,1740.95
15487,9948.61
15489,8946.46
15496,7105.44
15499,10332.01
15500,28238.09
15506,6119.62
15507,24963.4
15509,31660.46
15511,31703.11683510933
15512,19990.64
15513,13804.21
15514,11167.11
15516,17695.12
15519,13737.85
15520,17958.48
15521,33097.26
15527,8445.55
15529,18887.67
15536,26671.46
15539,12180.11
15543,20843.95
15547,37677.31
15548,27653.63
15550,1657.45
15566,20768.35
15568,14961.39
15575,5788.65
15579,45812.98
15581,6933.15
15583,34161.77
15588,31865.65
15595,34315.941666666666
15597,31291.68
15599,10320.56
15602,17135.87
15603,7546.43
15606,9315.3
15607,30385.32
15608,11282.88
15609,10406.8
15611,15082.0
15614,19152.25
15615,10119.3
15619,39299.7
15620,18750.47
15623,29870.58
15624,6049.98
15625,14229.73
15626,13699.48
15627,57018.76
15631,17856.87
15632,13026.16
15634,15347.76
15639,12451.83
15641,6440.38
15645,10881.61
15648,6458.3
15649,8954.79
15654,7298.36
15656,44055.48
15661,54186.91
15664,47710.14
15665,20371.28
15668,19432.07
15670,22736.11
15671,11699.05
15675,1424.94
15677,33374.195
15683,28435.04
15687,21676.66
15691,10734.9
15692,18356.57
15694,16652.29
15699,11275.45
15700,10937.69
15701,47015.6
15702,33772.105
15703,19808.15
15704,42682.67
15707,20341.72
15708,44042.79
15709,19716.08
15710,10682.47
15714,46964.75
15717,28746.19
15718,12338.91
15731,49925.67
15732,43088.88
15733,30699.0
15734,11212.87
15738,12204.1
15742,35775.59
15748,16955.25
15750,29728.8
15753,24254.66
15755,17353.4
15757,21999.55
15762,30934.31
15763,14469.41
15765,37522.09
15766,46255.6
15768,34958.61
15776,19875.96
15779,8350.61
15785,30989.26
15788,35418.26
15790,25792.89
15792,45165.56
15793,18819.64
15795,7238.09
15798,7468.16
15803,33183.2
15805,21813.176666666666
15807,21715.47
15808,16308.15
15814,9460.35
15815,20118.64
15820,35206.64
15824,59911.72
15826,22605.31
15827,17670.24
15830,9036.82
15831,21811.78
15834,33085.84
15835,12799.77
15836,10862.79
15838,10238.78
15840,29644.52
15843,10344.686
15846,10602.14
15850,7137.41
15852,7992.46
15853,5565.72
15856,8211.87
15858,6810.03
15860,15876.13
15863,30986.81
15869,27322.7
15870,11354.77
15873,23292.82
15875,38129.51
15877,8492.31
15889,15872.51
15890,10129.25
15891,44099.31
15892,12517.6
15893,33184.87
15901,19470.82
15907,18241.9
15910,26891.7
15912,15572.64
15915,31767.59
15921,19688.86
15922,18887.01
15925,23789.37
15928,13752.83
15929,20086.37
15933,7665.25
15934,13023.49
15935,20494.78
15936,24529.4
15941,9349.99
15943,20918.97
15946,19144.55
15950,18435.91
15959,19134.31
15963,20279.91
15964,9196.3
15969,12520.58
15972,32988.33
15973,49102.83
15978,18218.87
15981,38803.76
15985,46913.25
15986,32874.35
15987,41665.73
15988,22312.72
15989,18544.63
15990,34737.09
15991,45025.58
15992,17845.61
15994,16783.87
15996,30203.89
16011,12580.35
16016,15928.52
16018,66247.26
16021,46335.94
16023,23606.26
16027,20146.74
16029,16547.46
16030,24422.64
16034,22581.32
16037,14538.92
16042,69586.2
16043,35935.37
16044,34326.78
16046,20590.95
16052,41957.5
16057,17809.95
16062,17148.4
16063,67012.41
16064,27786.76
16066,9352.06
16067,12039.6
16070,33404.37
16072,54737.49
16073,3015.52
16077,15751.145
16080,28366.44
16084,20013.91
16086,10877.62
16087,41236.35
16093,12982.08
16097,38779.79
16099,16143.69
16101,6358.26
16103,7679.93
16112,42731.72
16113,20641.32
16116,19223.82
16120,34386.47
16122,23614.25
16126,19370.62
16127,22586.76
16129,17113.42
16130,21026.29333333333
16136,8888.67
16145,24530.27
16147,13935.28
16152,6657.45
16157,19046.79
16158,16729.6
16160,45604.38
16161,50257.3
16165,11797.78
16166,6647.45
16167,55259.35
16172,11701.03
16174,15101.33
16176,10896.993333333332
16181,60342.77
16188,4379.29
16196,21904.95
16197,16990.75
16198,35659.96
16199,11127.84
16203,46799.35
16206,5842.1
16207,4302.14
16214,54446.36
16215,8751.503333333332
16216,41503.75
16217,9246.37
16225,32758.09
16226,26345.18333333333
16227,12295.61
16229,2182.68
16230,70530.79
16232,9819.51
16233,39728.01
16235,20607.52
16237,9541.56
16242,14506.31
16246,6795.19
16252,24037.02
16253,31291.07
16255,47587.37
16259,41241.16
16260,31928.37
16263,45316.49
16264,30955.8
16272,13004.07
16279,6316.5
16280,47572.08
16288,19034.11
16289,23921.76
16290,14065.28
16292,46695.1
16295,20915.36
16297,11915.43
16298,18621.27
16301,20953.34
16302,11378.09
16307,49177.08
16310,25810.52
16311,21748.55
16313,19393.5
16314,20804.93
16318,26902.59
16319,9484.2
16320,10684.64
16324,20280.44
16325,9229.28
16326,38351.56
16327,17420.093333333334
16329,13949.91
16330,51023.83
16334,15954.05
16339,18300.71
16342,21915.56
16343,45925.36
16344,10587.0
16345,42263.97
16347,18603.39
16348,19808.57
16350,45667.06
16351,49043.74
16353,11083.08
16354,19641.11
16356,21011.225
16358,32998.56555555556
16361,15745.87
16362,36443.09
16368,17189.14
16370,26706.68
16371,8250.52
16372,19283.68
16373,12553.36
16376,38510.39
16380,18047.326666666664
16381,17155.41
16385,5451.83
16386,32869.78
16388,31732.57
16389,11725.95
16392,12162.08
16394,66858.29
16395,20063.49
16396,19638.11
16397,15856.62
16399,19668.93
16404,23329.19
16405,25252.92
16406,10352.79
16408,24950.37
16409,25644.99
16413,61006.1
16424,36587.66
16427,21171.38
16429,10551.01
16434,9922.78
16435,13489.63
16437,23884.49
16443,5110.55
16446,7975.97
16447,29036.21
16453,27447.02
16455,34908.64
16459,52307.28
16460,18622.74
16462,16384.66
16463,7637.07
16464,34318.6
16465,49135.75
16467,9030.28
16471,8821.64
16472,11452.09
16475,18113.47
16479,18877.66
16482,12586.94
16489,15669.61
16490,13699.48
16493,40945.28
16498,17415.14
16500,16742.4
16502,11300.61
16504,16941.34
16507,6441.36
16508,29064.1
16513,36369.2
16516,18173.66
16525,11682.77
16530,19393.5
16531,52217.53
16535,18420.33
16536,3346.6
16537,10049.33
16538,47721.28
16539,8023.39
16540,16523.83
16541,6568.91
16543,46992.64
16546,16442.87
16551,33759.74
16552,34848.66
16557,14747.65
16559,16024.725
16563,14241.94
16568,7823.97
16570,14862.16
16572,18371.6
16575,45690.09
16579,13362.37
16580,45902.62
16585,42218.16
16586,15545.3
16588,72260.84
16589,16533.93
16591,12019.96
16593,5927.93
16595,17696.26
16596,19630.82
16599,11408.2
16601,20754.77
16604,16539.58
16605,52827.03
16610,59104.33
16611,72491.98
16612,14398.54
16614,9970.58
16615,15624.47
16625,11168.463333333335
16627,27036.7
16643,31949.2
16644,19633.66
16648,24341.15
16649,17691.0
16652,19203.32
16653,16159.59
16654,2841.98
16658,24951.18
16659,13735.32
16660,30591.36
16662,8950.9
16667,22434.6
16673,20317.87
16674,6130.42
16675,14093.62
16676,4424.79
16680,25707.54
16681,29514.65
16682,34015.13
16684,17303.03
16690,18667.44
16693,33059.16
16696,15027.35
16699,16277.57
16700,61492.44
16701,18418.33
16702,48742.65
16703,8865.3
16706,22169.99
16713,19387.65
16719,23391.388333333336
16721,47576.68
16724,3118.0
16725,34337.0
16731,19517.295
16733,33462.47
16740,6840.36
16743,21592.67
16746,22149.01
16747,50801.97
16750,38467.01
16751,10272.62
16754,25112.96
16756,22209.59
16762,5488.37
16768,17757.55
16769,11981.27
16772,25098.49
16775,19968.84
16776,14573.24
16786,13174.29
16789,49507.57
16790,11550.69
16791,19806.84
16794,15573.96
16795,47891.06
16797,13998.84
16798,14821.83
16804,16215.69
16806,35454.63
16815,16637.87
16819,17366.33
16821,66760.37
16824,30204.63
16827,20047.04
16828,10156.04
16831,17395.03
16834,23999.18
16838,14679.31
16841,13339.66
16847,27845.02
16848,23132.44
16853,14668.92
16855,8205.06
16858,11323.31
16862,59374.76
16864,27856.95
16869,16819.08
16873,41362.52
16880,19868.32
16882,18715.86
16883,21758.07
16884,15281.66
16885,17017.76
16886,14017.16
16887,76325.77
16889,9519.75
16891,31879.69
16893,8434.18
16895,10748.41
16899,45008.16
16901,55831.5
16902,40280.66
16906,12972.78
16912,9075.21
16914,11133.83
16915,9606.54
16916,7821.74
16919,20885.19
16923,20895.158333333333
16925,20133.56
16926,20043.53
16932,13851.47
16935,18309.1
16939,18865.63
16942,9892.07
16948,22602.23
16950,16049.43
16951,19331.05
16953,15619.96
16955,15580.49
16959,19954.366666666665
16968,20020.35
16973,23780.88
16978,18877.44
16983,22286.49
16987,20890.02
16992,13463.92
16994,14533.01
16999,8268.28
17000,63616.39
17001,17864.75
17002,12588.79
17004,15871.26
17007,29882.46
17012,20084.38
17015,9393.2
17016,9741.52
17018,3909.62
17026,17046.96
17027,23080.02
17028,8583.49
17029,22196.79
17035,12303.96
17036,9622.85
17039,9875.0
17040,22118.34
17041,15384.38
17042,27704.09
17043,12258.44
17049,15104.94
17055,32660.485
17056,21199.58
17057,18428.97
17058,34306.32
17060,14438.45
17061,7615.2
17064,14493.96
17065,6943.9
17067,17581.21
17068,9861.09
17069,24068.85
17074,29483.59
17076,46007.94
17079,19793.55
17087,16860.77
17090,44570.95
17091,9471.61
17092,10621.03
17094,18495.75
17097,13800.56
17099,31754.43
17100,10438.27
17104,47792.98
17105,19740.24
17109,34042.25083333333
17111,5817.78
17116,1845.6
17118,9912.35
17123,9193.37
17125,21986.65
17128,17787.81333333333
17129,6324.92
17135,55530.33
17138,21468.14
17139,18260.35
17140,2498.66
17142,31253.4
17143,15991.05
17147,29037.46
17149,16336.56
17156,58041.25
17158,57298.51
17161,11479.17
17165,64012.41
17166,12534.11
17167,58680.86
17174,57912.06
17175,20115.79
17181,31105.01
17183,51128.37
17184,46708.47
17187,19106.58
17188,7646.13
17189,28884.24
17190,47797.14
17195,39488.54
17199,31953.95
17204,43490.98
17213,15560.58
17214,63492.35
17215,56971.26
17216,29977.68
17218,13570.1
17219,17806.46
17220,28493.59
17222,27225.23
17223,19557.03
17228,40803.68
17231,7660.17
17234,32972.361666666664
17240,13014.53
17245,18877.76
17246,27486.825
17251,19169.77
17252,39731.07
17253,19714.57
17255,7718.53
17256,18924.99
17257,15418.93
17264,21292.74
17265,30409.6
17266,27897.53
17267,44646.76
17269,32530.93
17271,37217.29
17272,15153.69
17273,47104.69
17274,18680.59
17276,3119.3
17279,8777.33
17280,95533.19
17284,21099.41
17288,19863.63
17290,43916.57
17292,65100.6
17293,40336.47
17295,10978.59
17297,52618.13
17301,19006.0
17302,73478.9
17303,10931.565833333334
17310,30201.64
17313,18128.6
17315,15836.62
17318,14108.41
17319,4230.12
17320,36510.47
17322,24534.3
17327,34386.48
17329,28761.84
17330,55991.79
17335,9473.1
17336,23080.99
17339,15744.39
17342,12928.04
17343,11146.14
17344,19310.46
17348,10645.5
17349,48315.91333333334
17360,63829.86
17364,17099.98
17367,9617.52
17369,7697.83
17372,10109.61
17374,29466.39
17377,10529.18
17380,43642.92
17383,30167.31
17386,15581.29
17388,8117.1
17392,17335.01
17400,45411.42
17401,12051.58
17406,25476.13
17410,30918.089047619043
17411,42236.84
17412,29062.56
17417,18810.82
17418,58825.24
17422,18495.09
17426,10844.57
17427,43941.23
17432,30427.72
17434,7646.03
17435,20130.15
17442,30633.9
17443,25649.31
17447,34268.87
17448,21851.48
17450,34596.78
17460,15743.82
17461,29794.89
17463,55544.17
17465,37033.59
17467,14108.9
17468,57956.25
17469,15644.62
17472,5527.69
17473,15135.21
17476,18219.53
17478,23829.03
17482,33074.39
17485,9716.28
17491,42547.79
17496,34378.15
17500,6165.08
17501,21196.41
17504,13734.9
17509,54481.19
17511,32644.403333333335
17514,40998.01
17517,20887.88666666667
17518,28018.58
17527,21820.27
17530,28433.75
17533,9722.82
17538,19696.33
17540,14351.3
17541,125699.69
17551,9186.01
17556,14782.48
17558,19694.9
17562,20097.64
17563,31682.46
17564,14037.02
17565,10631.57
17571,47249.44
17572,19919.24
17574,42964.33
17580,20625.65
17585,5821.44
17586,17566.23
17589,20142.3825
17594,11279.3
17595,15454.9
17601,11703.98
17606,13921.87
17607,17992.88
17614,43606.02
17615,45838.18
17620,25020.82
17622,20545.58
17628,47590.77
17630,23651.31
17636,7187.99
17637,7172.1
17640,17840.6
17642,3286.48
17646,16321.15
17647,23652.49
17648,20995.88
17652,33661.17
17653,12606.18
17654,29051.72
17655,19201.57
17658,14754.6
17661,13114.34
17663,13756.86
17666,21421.81
17667,9196.4
17668,20412.44
17674,46215.16
17677,10553.2
17679,7825.96
17680,18012.89
17683,29240.49
17684,32426.64
17687,26957.68
17691,14697.97
17694,69582.37
17695,55772.53
17700,27494.277837995338
17704,20468.65
17711,19751.72
17716,21320.8
17718,23316.76
17724,8566.9
17726,3202.8
17730,39506.53
17731,26161.45
17733,6314.0
17736,44399.44
17737,27446.55
17738,48150.95
17739,8420.97
17740,7519.06
17742,11597.4
17743,10481.65
17746,20032.45
17747,9843.25
17748,65946.69
17751,55765.05
17754,9612.49
17756,28290.95
17757,58702.52
17758,30647.89
17759,21179.67
17762,9174.06
17764,18465.45
17766,20498.88
17767,7680.73
17769,14715.49
17771,37235.81
17774,23061.86
17780,11408.98
17781,4500.93
17787,21117.28833333333
17788,15382.94
17791,11110.31
17795,17331.23
17798,20936.24
17799,25089.13
17801,14958.68
17803,16155.95
17804,9171.75
17808,18220.2
17809,73578.35
17813,63124.0
17814,5173.14
17816,22684.17
17824,19626.5
17825,44180.74
17828,24458.57
17830,41225.06
17833,25949.42
17834,33521.54
17836,19657.97
17839,9245.8
17843,15062.4
17844,10164.38
17845,9552.14
17847,20395.42
17852,21551.18
17856,34881.6
17863,26889.08
17864,25027.44
17865,31504.676666666666
17870,21048.03
17872,4138.29
17873,34417.88999999999
17877,8013.22
17882,18780.05
17883,18690.89
17888,8148.49
17893,29383.93
17901,52672.2
17903,48531.47
17907,18315.14
17909,19575.08
17910,22259.781666666666
17913,97819.79
17915,32998.56555555556
17916,60712.25
17919,15166.39
17921,13802.29
17923,39716.19
17925,16826.83
17929,17885.37
17931,37899.84
17934,18231.8
17937,37514.14
17938,15268.5
17943,8741.7
17950,18774.61
17953,20875.21
17955,18120.55
17960,14477.58
17966,22887.44
17967,60714.91
17968,8421.74
17969,17701.09
17970,14573.24
17972,89553.11
17977,55630.78
17978,9271.0
17980,54884.29
17984,24313.37
17986,26657.315
17992,17753.02
17993,20278.38
17995,15994.67
17998,8906.94
18000,46758.63
18004,63472.1
18009,16442.2
18010,27993.3225
18014,27795.73
18016,16874.22238095238
18019,15127.57
18029,12117.91
18031,18286.46
18034,15223.18
18037,47063.48
18040,63370.4
18045,13808.25
18046,21092.33
18049,16490.15
18050,27509.1
18056,44051.93
18058,7160.6
18060,6428.86
18064,18133.21
18065,12675.91
18066,61372.71
18067,19395.11
18070,33177.74
18072,7508.05
18074,21994.83
18076,12432.08
18079,31782.2775
18083,25882.18333333333
18086,54558.52
18090,46907.66
18106,35142.03
18109,29110.67
18114,18182.29
18118,60703.84
18120,10905.76
18122,19585.5
18126,33425.21
18129,19766.47
18133,10978.771666666666
18135,8911.44
18142,35927.21
18152,18091.46
18159,67492.73
18164,16024.09
18165,27400.29
18167,31217.72
18170,24272.08
18171,24246.7
18174,47560.7
18176,47290.74
18179,35953.13
18181,19297.213333333333
18190,29532.51
18193,39242.22
18195,49171.59
18200,16867.13
18201,44818.48
18205,8568.85
18208,63621.37
18210,18120.55
18211,37927.8
18213,26311.8075
18214,57096.48
18217,59546.0
18219,21420.56
18220,8005.423333333332
18232,14507.38
18234,29317.23
18239,29246.11
18240,65346.6
18242,11864.69
18248,60224.03
18254,18416.09
18256,7878.83
18257,14926.15
18265,21431.76
18267,66354.16
18273,12589.53
18276,21579.73
18282,12445.41
18285,4223.37
18286,10523.12
18290,9039.203333333333
18297,10918.35
18300,16868.71
18305,27071.24
18306,17957.23
18307,28133.64
18308,9896.83
18310,8012.42
18314,2255.76
18315,18100.46
18317,12492.28
18321,93480.93
18323,10709.82
18325,37065.6
18327,4519.31
18330,11537.01
18336,30593.16
18337,20702.4
18341,17939.81
18342,46540.53
18345,20110.3
18347,30743.21
18350,27515.05
18354,15500.62
18355,12508.64
18359,12545.82
18361,6937.18
18362,15600.79
18370,11284.79
18372,19399.87
18376,15114.94
18378,27142.11
18379,34497.06
18381,45118.11
18383,20242.27
18389,27556.0
18392,23088.85
18393,16123.44
18396,36619.39
18400,66229.31
18401,47173.27
18404,14377.07
18409,44372.14
18410,6120.41
18412,17865.62
18420,45553.34
18421,41664.81
18425,11748.62
18427,9819.29
18429,15991.47
18431,15303.75
18432,4396.22
18435,19600.37
18436,23130.67
18437,34589.49
18438,20423.61
18442,56625.19
18445,29584.98
18446,15261.01
18447,21758.07
18450,31830.49
18451,4694.74
18454,29557.85
18455,8524.47
18456,57778.66
18461,19813.77
18462,63650.62
18463,20808.24
18464,58517.01
18471,38206.16
18472,40941.19
18476,19573.66
18483,37130.14
18485,37313.4
18493,13113.16
18495,29317.23
18498,18349.7
18503,8753.72
18511,28650.54
18514,14625.76
18523,11126.76
18524,24512.63
18525,4421.27
18529,13726.79
18531,45118.11
18532,14941.03
18533,14723.5
18539,7175.02
18542,13966.89
18545,5281.52
18546,16611.07
18549,10917.26
18551,11488.48
18553,21000.08
18564,8290.43
18565,21124.48
18568,4635.72
18570,27645.23
18572,19225.63
18575,14183.87
18578,31967.55
18579,8913.55
18580,16035.01
18582,17765.45
18585,19864.27
18587,18031.49
18588,31584.37
18597,11925.09
18601,19267.57
18603,51377.99
18608,10142.65
18609,29927.1
18611,41227.63
18613,19616.01
18620,10683.36
18624,14145.11
18625,27387.185
18628,10743.57
18629,12476.41
18630,6081.07
18631,36203.06
18632,30232.85
18634,7066.43
18648,11809.23
18650,27609.955
18657,130197.09
18658,68753.42
18664,21999.79
18667,13920.08
18671,12861.29
18674,27683.32
18678,11696.67
18680,9603.61
18681,16218.49
18684,9780.39
18685,44138.54
18690,17839.52
18693,18724.56
18695,17523.22
18700,36179.22
18703,34340.2
18705,20010.87
18709,43042.43
18710,4994.06
18711,11800.26
18713,39164.83
18716,18229.47
18720,23035.3
18721,23294.42
18725,14060.65
18727,20594.79
18733,16714.64
18738,25207.99
18740,10009.13
18741,12213.45
18744,30817.87
18748,41276.06
18749,20471.4
18756,7527.52
18759,15667.63
18760,20343.9
18762,34730.434166666666
18769,8558.14
18772,23862.72
18773,54054.01
18775,11240.11
18777,22952.06
18779,6992.26
18782,15477.73
18783,21752.94
18788,9333.19
18793,32321.62
18796,33060.96
18797,31186.53
18798,14894.94
18799,45547.49
18800,52345.51
18802,16357.51
18803,20896.57
18809,10728.97
18815,40855.21
18820,33391.79
18821,16553.78
18823,49043.63
18825,19614.38
18827,16172.24
18829,20380.07
18831,23354.74
18832,21551.48
18833,8096.68
18835,55696.48
18843,2092.58
18844,11126.01
18845,8298.9
18849,58385.31
18854,3151.49
18862,23543.26
18863,49313.97
18864,14534.9
18865,19038.51
18870,12497.8
18873,14432.45
18876,9835.59
18878,41861.81
18882,15118.3
18884,3397.3
18897,23179.22
18899,10622.64
18900,15871.18
18904,25806.18
18906,17594.67
18907,12012.42
18912,47390.66
18915,32344.53
18916,19309.85
18917,38238.76
18918,14350.84
18920,14047.38
18923,27912.0
18925,41472.94
18926,23314.18
18927,45450.13
18928,35619.61
18930,16602.4
18931,14363.2
18934,46336.62
18936,9404.57
18938,17831.42
18941,19761.81
18942,19894.8
18950,5753.27
18951,30110.51
18952,20271.81
18953,24204.17
18955,6919.25
18965,14353.8
18968,34218.8
18969,44544.6
18970,5397.28
18972,25460.86
18975,6865.89
18985,8310.57
18989,29323.52
18993,72615.83
18996,19188.02
18998,15728.72
19003,11804.05
19007,23103.45
19009,10031.69
19010,39476.11
19011,27421.04
19018,11811.49
19019,26141.581372793866
19030,33804.05
19036,39932.39
19038,21163.53
19043,11044.68
19054,14612.55
19060,10505.53
19062,16765.06
19065,13165.51
19066,7097.49
19072,6686.71
19073,14763.19
19075,31531.28
19077,65238.68
19079,13182.56
19087,51822.63
19091,4416.92
19092,30344.41
19094,9859.6
19096,62845.3
19100,4716.71
19111,42116.854415584414
19112,29306.1
19116,31906.49
19117,17939.81
19131,8027.91
19132,8621.64
19136,29028.85
19150,20929.84
19151,27619.92
19152,37659.97
19153,8821.74
19157,18241.42
19163,36476.59
19167,15863.12
19168,15500.62
19170,23437.53
19171,18247.14
19175,19361.61
19177,18061.16
19179,10352.79
19180,51543.26
19181,33079.66
19184,55410.57
19187,52933.57
19190,5185.27
19195,25078.29
19197,6353.24
19199,28783.0
19204,29290.21
19211,23869.33
19214,13370.7
19215,72792.8
19217,3439.6
19218,14762.01
19228,66847.14
19229,14593.47
19232,27024.61
19235,30677.795
19237,19004.14
19239,7814.59
19243,16967.21
19244,25065.86
19245,18865.29
19249,17430.2
19251,45574.68
19257,26649.96
19263,19264.56
19264,20489.12
19265,22901.42
19267,55318.09
19272,26100.93
19277,13445.58
19285,10758.1
19287,33936.63
19288,3357.27
19290,29627.92
19291,14314.42
19292,16788.04
19293,7199.43
19297,11541.39
19300,18199.85
19301,16446.12
19306,57671.01
19308,20104.97
19309,19524.23
19314,17946.443333333333
19315,7911.28
19317,11093.59
19318,20436.01
19319,89773.87
19322,25352.71
19327,19795.51
19328,18860.76
19330,10402.89
19332,19987.97
19333,22553.19
19335,47560.28666666667
19336,43916.57
19338,11922.7
19341,11958.64
19343,43104.49
19348,16601.5
19351,11143.83
19354,18474.92
19355,31662.11
19357,20358.67
19358,18536.95
19360,11234.1
19362,34717.47
19365,34769.33
19366,11813.95
19367,37182.12666666666
19368,12053.22
19370,16991.65
19373,10754.992666666665
19376,15713.12
19377,18330.31333333333
19386,38067.5
19387,8446.36
19389,39117.42
19397,20365.76
19398,21543.71
19401,16665.04
19402,37379.49
19405,13267.57
19408,7244.480000000001
19410,15412.57
19411,19367.95
19412,17053.09
19414,35568.19
19416,42034.93
19420,20219.96
19422,5101.9
19423,131751.43
19427,64650.25
19429,11437.85
19430,27466.96
19431,21563.526666666665
19435,20118.11
19440,67427.82
19441,12361.97
19444,26983.14
19446,26461.73
19450,96197.38
19453,8610.11
19455,31996.04
19456,9642.14
19460,48085.27
19466,11551.28
19471,30201.64
19472,12451.83
19475,29731.27
19486,36546.98
19487,12627.26
19490,13143.17
19491,12087.61
19493,17892.51
19497,21579.02
19499,29584.98
19500,8934.6
19501,46351.09
19503,38496.28
19505,45413.92
19506,33950.28
19509,15681.47
19510,35096.4
19512,9562.4
19515,53102.56
19519,31942.31
19521,16431.49
19522,29120.62
19533,20094.23
19536,51236.16
19537,17264.49
19539,12995.69
19549,28144.82
19551,15344.63
19553,20752.37
19555,57189.74
19557,30337.44
19558,27085.74
19559,34088.61
19560,12387.49
19562,18769.23
19563,8581.97
19568,9379.8
19572,27586.755
19579,8781.23
19582,2321.49
19584,19563.943333333336
19586,21499.66
19589,13548.4
19595,9556.15
19597,17170.903333333332
19598,35558.68
19603,7894.51
19606,33110.914106449105
19607,56836.63
19611,37979.55
19613,20074.85
19615,27000.35
19616,17975.13
19618,47268.86
19620,17970.37
19626,20593.28
19630,22543.38
19631,3276.45
